date,open,high,low,close,volume,code,name
2021-09-13,58.68,60.23,58.08,58.21,46248507.0,600460,士兰微
2021-09-14,57.68,60.08,57.68,58.31,44337887.0,600460,士兰微
2021-09-15,57.35,58.27,55.53,57.66,38588150.0,600460,士兰微
2021-09-16,56.76,57.53,52.71,54.19,52508770.0,600460,士兰微
2021-09-17,53.63,54.85,53.28,54.27,25505731.0,600460,士兰微
2021-09-22,53.18,58.18,52.87,57.64,49369375.0,600460,士兰微
2021-09-23,58.43,62.13,56.74,60.89,64702222.0,600460,士兰微
2021-09-24,60.89,61.81,59.18,60.92,40934560.0,600460,士兰微
2021-09-27,60.97,62.23,58.14,58.67,46795658.0,600460,士兰微
2021-09-28,57.7,60.839999999999996,56.86,58.01,34642109.0,600460,士兰微
2021-09-29,57.43,58.4,55.5,56.23,31558397.0,600460,士兰微
2021-09-30,56.28,57.93,55.38,56.77,28170339.0,600460,士兰微
2021-10-08,58.27,59.67,55.73,56.08,37954035.0,600460,士兰微
2021-10-11,55.68,57.91,54.68,54.86,35551812.0,600460,士兰微
2021-10-12,54.48,55.339999999999996,52.0,52.73,35563492.0,600460,士兰微
2021-10-13,52.73,56.339999999999996,52.73,56.18,39273450.0,600460,士兰微
2021-10-14,55.6,56.64,55.18,55.48,22268272.0,600460,士兰微
2021-10-15,55.48,61.06,55.22,61.06,81819849.0,600460,士兰微
2021-10-18,61.06,64.25,60.24,61.73,70704594.0,600460,士兰微
2021-10-19,62.68,63.690000000000005,61.06,62.6,40297280.0,600460,士兰微
2021-10-20,63.17,63.23,61.48,62.01,36558776.0,600460,士兰微
2021-10-21,62.53,62.54,58.48,59.13,53625603.0,600460,士兰微
2021-10-22,59.97,61.58,58.94,60.48,51759816.0,600460,士兰微
2021-10-25,60.08,62.19,59.38,62.18,45081913.0,600460,士兰微
2021-10-26,62.27,62.8,60.18,61.73,41293728.0,600460,士兰微
2021-10-27,61.66,62.31,59.88,60.45,34334161.0,600460,士兰微
2021-10-28,60.45,62.48,58.86,59.64,47722647.0,600460,士兰微
2021-10-29,59.31,62.68,59.03,61.35,58746729.0,600460,士兰微
2021-11-01,59.73,64.0,57.0,58.26,88888441.0,600460,士兰微
2021-11-02,58.79,63.93000000000001,58.79,62.68,95781404.0,600460,士兰微
2021-11-03,62.57,63.57,59.26,60.68,76055653.0,600460,士兰微
2021-11-04,60.98,66.34,60.68,65.26,81298594.0,600460,士兰微
2021-11-05,67.14,67.28,64.38000000000001,64.58000000000001,52577220.0,600460,士兰微
2021-11-08,64.18,66.05000000000001,62.18,64.91000000000001,50970907.0,600460,士兰微
2021-11-09,64.68,66.18,62.78,64.65,53148904.0,600460,士兰微
2021-11-10,64.12,65.34,63.33,64.80000000000001,46334392.0,600460,士兰微
2021-11-11,64.17,69.67,63.56,67.73,76907054.0,600460,士兰微
2021-11-12,66.67,67.91000000000001,64.98,66.81,60975478.0,600460,士兰微
2021-11-15,67.56,69.63000000000001,66.16000000000001,66.43,63249512.0,600460,士兰微
2021-11-16,62.88,64.68,61.089999999999996,61.97,75179935.0,600460,士兰微
2021-11-17,61.49,63.13,61.49,62.93,36727420.0,600460,士兰微
2021-11-18,62.52,63.68,62.18,62.57,25437364.0,600460,士兰微
2021-11-19,62.68,63.16,61.24,61.7,31191191.0,600460,士兰微
2021-11-22,61.95,65.62,61.38,64.68,57779831.0,600460,士兰微
2021-11-23,64.88000000000001,65.53,63.36,63.58,37799116.0,600460,士兰微
2021-11-24,63.61,64.68,62.56,62.8,36520744.0,600460,士兰微
2021-11-25,61.68,63.14,60.68,60.839999999999996,40088064.0,600460,士兰微
2021-11-26,59.78,60.45,58.69,59.74,37047105.0,600460,士兰微
2021-11-29,58.78,60.61,58.71,59.25,32525523.0,600460,士兰微
2021-11-30,61.68,62.98,60.8,61.75,58672674.0,600460,士兰微
2021-12-01,61.3,65.18,61.3,62.58,56847156.0,600460,士兰微
2021-12-02,62.18,63.17,60.98,62.29,33835816.0,600460,士兰微
2021-12-03,62.58,63.31,61.71,62.32,31365298.0,600460,士兰微
2021-12-06,61.89,62.58,60.58,60.74,26463811.0,600460,士兰微
2021-12-07,61.33,61.48,59.0,59.98,25819443.0,600460,士兰微
2021-12-08,60.4,61.339999999999996,59.97,60.97,28190583.0,600460,士兰微
2021-12-09,61.58,62.98,61.58,62.53,46004151.0,600460,士兰微
2021-12-10,61.69,64.48,61.58,62.68,40516592.0,600460,士兰微
2021-12-13,62.23,63.38,61.0,62.66,30376454.0,600460,士兰微
2021-12-14,62.19,62.26,60.88,61.41,26808344.0,600460,士兰微
2021-12-15,61.42,61.77,60.13,60.43,19336537.0,600460,士兰微
2021-12-16,60.72,61.04,58.98,59.29,28222870.0,600460,士兰微
2021-12-17,59.04,59.04,55.98,56.51,39143313.0,600460,士兰微
2021-12-20,55.68,56.33,54.11,54.14,31148136.0,600460,士兰微
2021-12-21,54.15,54.92,53.46,54.61,21739766.0,600460,士兰微
2021-12-22,54.78,55.68,53.87,54.26,31338446.0,600460,士兰微
2021-12-23,54.58,54.8,54.05,54.2,18978894.0,600460,士兰微
2021-12-24,54.33,54.46,52.51,53.16,25125636.0,600460,士兰微
2021-12-27,53.02,53.339999999999996,51.69,52.58,21014737.0,600460,士兰微
2021-12-28,53.01,54.14,53.01,54.12,22437884.0,600460,士兰微
2021-12-29,54.13,54.2,52.88,52.91,17052324.0,600460,士兰微
2021-12-30,52.58,53.92,52.48,53.49,17458042.0,600460,士兰微
2021-12-31,53.5,54.089999999999996,52.83,53.88,18265240.0,600460,士兰微
2022-01-04,54.17,54.48,52.03,52.18,23499159.0,600460,士兰微
2022-01-05,52.18,52.24,48.16,49.58,38086364.0,600460,士兰微
2022-01-06,48.56,50.18,48.56,49.58,19104781.0,600460,士兰微
2022-01-07,49.83,50.68,48.9,49.94,22523467.0,600460,士兰微
2022-01-10,49.589999999999996,50.23,48.18,49.4,15477040.0,600460,士兰微
2022-01-11,49.06,49.4,47.67,47.73,20981340.0,600460,士兰微
2022-01-12,48.44,49.53,48.27,49.23,20632413.0,600460,士兰微
2022-01-13,49.26,49.32,48.23,48.45,11293287.0,600460,士兰微
2022-01-14,48.13,49.51,48.1,49.07,17043990.0,600460,士兰微
2022-01-17,48.9,50.68,48.83,50.61,23308466.0,600460,士兰微
2022-01-18,50.36,52.48,50.089999999999996,51.79,25661326.0,600460,士兰微
2022-01-19,51.2,51.54,50.48,51.01,13150442.0,600460,士兰微
2022-01-20,50.94,51.9,50.37,51.08,15516548.0,600460,士兰微
2022-01-21,50.68,51.37,49.1,49.33,16477339.0,600460,士兰微
2022-01-24,49.68,52.41,49.68,52.13,38710814.0,600460,士兰微
2022-01-25,51.7,53.61,51.69,52.17,33873488.0,600460,士兰微
2022-01-26,52.18,53.57,52.18,53.23,25564219.0,600460,士兰微
2022-01-27,52.7,53.28,51.77,51.78,18496460.0,600460,士兰微
2022-01-28,52.45,52.58,49.38,50.27,21120597.0,600460,士兰微
2022-02-07,51.68,52.68,51.23,51.92,19117676.0,600460,士兰微
2022-02-08,51.93,51.93,49.56,50.68,19821969.0,600460,士兰微
2022-02-09,50.58,52.14,49.58,51.77,18982927.0,600460,士兰微
2022-02-10,52.07,53.18,51.28,52.62,21726420.0,600460,士兰微
2022-02-11,51.79,52.03,50.4,50.66,20659715.0,600460,士兰微
2022-02-14,49.68,50.17,48.56,48.88,18429562.0,600460,士兰微
2022-02-15,48.94,50.28,48.94,50.089999999999996,17818288.0,600460,士兰微
2022-02-16,50.33,50.58,49.03,49.339999999999996,16006707.0,600460,士兰微
2022-02-17,49.36,51.96,49.18,50.88,25642541.0,600460,士兰微
2022-02-18,49.98,50.96,49.87,50.45,12773410.0,600460,士兰微
2022-02-21,50.45,50.88,49.31,49.76,15230820.0,600460,士兰微
2022-02-22,50.28,52.68,49.33,52.41,38770361.0,600460,士兰微
2022-02-23,52.41,55.18,52.08,55.18,48923069.0,600460,士兰微
2022-02-24,55.07,56.56,54.13,55.9,50608834.0,600460,士兰微
2022-02-25,57.28,58.089999999999996,55.38,55.83,33732379.0,600460,士兰微
2022-02-28,55.68,57.23,55.2,56.67,25594360.0,600460,士兰微
2022-03-01,56.58,57.28,56.15,56.8,19994177.0,600460,士兰微
2022-03-02,56.36,56.62,55.38,56.28,18356408.0,600460,士兰微
2022-03-03,56.71,57.04,54.65,54.76,19570972.0,600460,士兰微
2022-03-04,54.28,57.11,54.16,55.61,25955973.0,600460,士兰微
2022-03-07,55.0,55.68,53.89,54.41,16194891.0,600460,士兰微
2022-03-08,54.47,57.08,53.839999999999996,55.68,32754105.0,600460,士兰微
2022-03-09,55.99,57.56,54.76,57.28,42331751.0,600460,士兰微
2022-03-10,58.78,59.31,57.43,57.46,43487732.0,600460,士兰微
2022-03-11,56.18,58.55,56.18,57.68,27083875.0,600460,士兰微
2022-03-14,57.56,57.88,56.27,56.35,17009743.0,600460,士兰微
2022-03-15,55.69,57.74,54.75,55.32,25585249.0,600460,士兰微
2022-03-16,56.58,59.08,55.56,58.96,43632114.0,600460,士兰微
2022-03-17,59.98,61.37,57.69,58.08,47518435.0,600460,士兰微
2022-03-18,57.72,59.28,57.53,58.63,20730782.0,600460,士兰微
2022-03-21,58.63,58.66,57.16,58.42,23574274.0,600460,士兰微
2022-03-22,57.69,57.95,56.63,56.74,19336347.0,600460,士兰微
2022-03-23,56.68,56.71,54.22,54.81,31507265.0,600460,士兰微
2022-03-24,54.18,54.56,52.839999999999996,53.55,22761282.0,600460,士兰微
2022-03-25,54.13,54.58,53.14,53.19,16556878.0,600460,士兰微
2022-03-28,52.0,53.99,51.76,53.81,14484632.0,600460,士兰微
2022-03-29,53.24,53.58,50.12,50.88,40877385.0,600460,士兰微
2022-03-30,50.88,51.48,50.48,51.14,22881574.0,600460,士兰微
2022-03-31,50.68,50.73,47.83,48.18,36385211.0,600460,士兰微
2022-04-01,47.98,48.48,47.2,47.46,25548526.0,600460,士兰微
2022-04-06,47.38,47.38,43.56,44.18,53140109.0,600460,士兰微
2022-04-07,44.17,44.27,42.58,42.78,36185502.0,600460,士兰微
2022-04-08,43.04,43.46,42.0,42.36,30183217.0,600460,士兰微
2022-04-11,41.62,42.44,40.24,40.35,27184934.0,600460,士兰微
2022-04-12,40.18,40.92,39.44,40.82,25286201.0,600460,士兰微
2022-04-13,40.38,40.74,39.18,39.23,22607896.0,600460,士兰微
2022-04-14,39.99,41.37,38.96,40.85,39458287.0,600460,士兰微
2022-04-15,39.839999999999996,41.36,39.76,40.28,26264885.0,600460,士兰微
2022-04-18,40.53,44.339999999999996,40.51,44.339999999999996,54796897.0,600460,士兰微
2022-04-19,43.68,44.43,43.18,43.88,43286622.0,600460,士兰微
2022-04-20,43.839999999999996,44.48,43.0,43.06,28390030.0,600460,士兰微
2022-04-21,42.77,44.07,42.18,42.88,34373074.0,600460,士兰微
2022-04-22,42.18,43.18,39.78,41.67,38448142.0,600460,士兰微
2022-04-25,40.03,41.18,38.62,38.71,32331628.0,600460,士兰微
2022-04-26,39.18,39.18,36.47,36.72,33244766.0,600460,士兰微
2022-04-27,35.94,40.12,35.46,39.65,40235560.0,600460,士兰微
2022-04-28,39.02,40.08,38.57,39.27,24759559.0,600460,士兰微
2022-04-29,40.08,42.28,38.7,41.68,46606076.0,600460,士兰微
2022-05-05,40.7,42.87,40.41,41.75,35221273.0,600460,士兰微
2022-05-06,40.21,41.47,39.78,40.49,23246856.0,600460,士兰微
2022-05-09,40.08,41.03,39.93,40.51,15469803.0,600460,士兰微
2022-05-10,39.68,43.48,39.65,42.43,37879349.0,600460,士兰微
2022-05-11,42.27,45.05,42.21,43.45,46983473.0,600460,士兰微
2022-05-12,43.12,44.65,43.01,43.81,28954136.0,600460,士兰微
2022-05-13,44.18,44.64,43.19,44.08,22207964.0,600460,士兰微
2022-05-16,44.58,44.88,43.24,43.49,18644655.0,600460,士兰微
2022-05-17,43.5,46.0,43.23,45.76,39026546.0,600460,士兰微
2022-05-18,46.12,46.56,45.22,45.82,31143644.0,600460,士兰微
2022-05-19,44.9,47.04,44.8,46.88,30359940.0,600460,士兰微
2022-05-20,46.86,47.11,46.18,46.69,20587384.0,600460,士兰微
2022-05-23,46.69,47.12,45.8,46.83,20478498.0,600460,士兰微
2022-05-24,46.4,47.17,44.73,44.839999999999996,25360812.0,600460,士兰微
2022-05-25,44.83,45.839999999999996,43.94,44.5,21264600.0,600460,士兰微
2022-05-26,44.5,44.63,43.2,43.67,26855213.0,600460,士兰微
2022-05-27,44.28,44.78,43.03,43.53,20292965.0,600460,士兰微
2022-05-30,43.87,44.53,43.21,44.17,21706878.0,600460,士兰微
2022-05-31,44.18,44.98,43.05,44.78,29229600.0,600460,士兰微
2022-06-01,44.48,45.48,44.29,44.6,22938240.0,600460,士兰微
2022-06-02,44.26,46.57,44.11,46.28,35534232.0,600460,士兰微
2022-06-06,46.38,48.36,46.01,48.15,37252035.0,600460,士兰微
2022-06-07,48.08,48.58,47.1,47.18,27102493.0,600460,士兰微
2022-06-08,46.96,47.63,46.08,46.85,23799920.0,600460,士兰微
2022-06-09,46.68,47.38,45.56,45.88,20835439.0,600460,士兰微
2022-06-10,45.3,46.36,45.2,46.23,28203011.0,600460,士兰微
2022-06-13,45.74,46.15,44.339999999999996,45.29,30989738.0,600460,士兰微
2022-06-14,44.76,44.88,41.78,43.71,38395195.0,600460,士兰微
2022-06-15,43.71,46.18,43.68,45.26,37196462.0,600460,士兰微
2022-06-16,45.36,47.13,44.68,46.27,32372070.0,600460,士兰微
2022-06-17,45.68,46.54,44.6,45.61,30823730.0,600460,士兰微
2022-06-20,45.61,46.97,45.46,46.16,29101929.0,600460,士兰微
2022-06-21,46.07,46.63,45.18,45.69,22541102.0,600460,士兰微
2022-06-22,45.86,46.06,43.68,43.87,25159926.0,600460,士兰微
2022-06-23,43.68,45.339999999999996,43.62,45.24,27073961.0,600460,士兰微
2022-06-24,45.23,46.96,45.18,46.07,32384827.0,600460,士兰微
2022-06-27,46.37,47.23,45.86,46.67,32824839.0,600460,士兰微
2022-06-28,46.68,51.37,45.58,50.52,66563250.0,600460,士兰微
2022-06-29,50.57,52.98,49.96,50.23,79798837.0,600460,士兰微
2022-06-30,49.98,52.88,49.37,51.68,57823208.0,600460,士兰微
2022-07-01,51.589999999999996,51.96,50.58,50.71,28890756.0,600460,士兰微
2022-07-04,49.68,49.77,48.18,48.79,39210234.0,600460,士兰微
2022-07-05,48.85,49.62,47.71,48.58,30093035.0,600460,士兰微
2022-07-06,48.86,50.67,48.14,49.86,41225869.0,600460,士兰微
2022-07-07,49.86,51.06,49.01,50.46,31452695.0,600460,士兰微
2022-07-08,51.43,51.88,50.28,50.55,33632199.0,600460,士兰微
2022-07-11,50.07,50.07,48.03,48.49,24538273.0,600460,士兰微
2022-07-12,48.58,48.92,46.89,46.89,20766151.0,600460,士兰微
2022-07-13,46.800000000000004,47.58,45.53,46.35,16708253.0,600460,士兰微
2022-07-14,46.25,47.27,46.09,46.67,18864812.0,600460,士兰微
2022-07-15,46.550000000000004,49.01,46.09,47.93,28575362.0,600460,士兰微
2022-07-18,47.96,48.28,46.410000000000004,47.050000000000004,19974989.0,600460,士兰微
2022-07-19,47.0,47.35,45.59,46.11,22572099.0,600460,士兰微
2022-07-20,46.57,47.410000000000004,46.11,46.26,23126193.0,600460,士兰微
2022-07-21,46.28,47.75,45.57,47.1,27732571.0,600460,士兰微
2022-07-22,47.1,47.28,45.19,45.4,24656626.0,600460,士兰微
2022-07-25,45.230000000000004,45.26,43.83,43.96,15248506.0,600460,士兰微
2022-07-26,43.980000000000004,44.53,43.550000000000004,44.47,11165499.0,600460,士兰微
2022-07-27,44.28,44.620000000000005,43.38,43.39,17693833.0,600460,士兰微
2022-07-28,43.78,44.42,43.58,43.7,24083172.0,600460,士兰微
2022-07-29,43.68,43.69,41.24,41.38,39856919.0,600460,士兰微
2022-08-01,40.93,41.36,39.800000000000004,41.230000000000004,27419986.0,600460,士兰微
2022-08-02,40.33,41.17,38.980000000000004,40.44,28753258.0,600460,士兰微
2022-08-03,40.480000000000004,43.07,40.35,42.230000000000004,43630397.0,600460,士兰微
2022-08-04,42.33,43.120000000000005,42.09,42.43,27306781.0,600460,士兰微
2022-08-05,42.38,46.7,42.07,46.7,74827601.0,600460,士兰微
2022-08-08,46.84,48.07,45.49,45.97,62576180.0,600460,士兰微
2022-08-09,45.58,46.43,44.42,46.42,43718518.0,600460,士兰微
2022-08-10,45.18,46.370000000000005,44.86,45.08,31971957.0,600460,士兰微
2022-08-11,45.08,46.13,45.01,45.11,28947583.0,600460,士兰微
2022-08-12,45.120000000000005,45.57,44.31,44.31,23868818.0,600460,士兰微
2022-08-15,44.46,44.97,44.0,44.26,19016023.0,600460,士兰微
2022-08-16,44.04,44.32,43.22,43.480000000000004,24856990.0,600460,士兰微
2022-08-17,43.44,44.08,42.86,43.89,22522845.0,600460,士兰微
2022-08-18,43.78,44.980000000000004,43.28,44.69,30932999.0,600460,士兰微
2022-08-19,44.38,45.43,42.97,42.97,23868075.0,600460,士兰微
2022-08-22,42.92,43.370000000000005,42.24,42.550000000000004,16319967.0,600460,士兰微
2022-08-23,42.44,43.21,41.35,41.71,24988306.0,600460,士兰微
2022-08-24,41.480000000000004,41.96,40.49,40.57,20976569.0,600460,士兰微
2022-08-25,40.61,40.99,39.620000000000005,40.95,19205188.0,600460,士兰微
2022-08-26,41.18,41.39,40.78,40.81,13329083.0,600460,士兰微
2022-08-29,39.84,41.0,39.68,40.35,12492037.0,600460,士兰微
2022-08-30,40.35,41.28,40.28,40.51,12239415.0,600460,士兰微
2022-08-31,40.49,40.800000000000004,39.34,39.44,15745526.0,600460,士兰微
2022-09-01,39.410000000000004,40.07,38.980000000000004,39.08,12085360.0,600460,士兰微
2022-09-02,39.28,40.08,39.07,39.72,13013745.0,600460,士兰微
2022-09-05,39.72,40.11,38.86,39.88,11430966.0,600460,士兰微
2022-09-06,39.97,40.53,39.82,40.31,13654667.0,600460,士兰微
2022-09-07,40.480000000000004,41.43,40.32,40.980000000000004,19722652.0,600460,士兰微
2022-09-08,40.980000000000004,41.0,39.78,39.800000000000004,13878593.0,600460,士兰微
2022-09-09,39.79,40.550000000000004,39.4,40.34,11842612.0,600460,士兰微
2022-09-13,40.68,40.89,39.9,39.96,10918554.0,600460,士兰微
2022-09-14,39.480000000000004,39.92,39.28,39.51,11080148.0,600460,士兰微
2022-09-15,39.63,39.730000000000004,37.78,38.06,17294468.0,600460,士兰微
2022-09-16,37.78,38.550000000000004,36.800000000000004,36.800000000000004,15055903.0,600460,士兰微
2022-09-19,36.88,37.550000000000004,36.08,36.46,13180966.0,600460,士兰微
2022-09-20,36.76,36.9,36.19,36.61,10518989.0,600460,士兰微
2022-09-21,36.44,36.58,35.68,36.07,11734422.0,600460,士兰微
2022-09-22,35.77,36.33,35.33,35.58,15760513.0,600460,士兰微
2022-09-23,35.53,35.84,33.36,33.47,29961974.0,600460,士兰微
2022-09-26,33.38,33.97,33.120000000000005,33.29,19536707.0,600460,士兰微
2022-09-27,33.29,33.84,32.95,33.730000000000004,20459422.0,600460,士兰微
2022-09-28,33.58,33.68,32.34,32.36,21965155.0,600460,士兰微
2022-09-29,32.800000000000004,33.04,32.36,32.51,15031132.0,600460,士兰微
2022-09-30,32.43,32.67,31.83,31.83,11774919.0,600460,士兰微
2022-10-10,31.78,31.78,29.92,30.0,21665261.0,600460,士兰微
2022-10-11,30.130000000000003,30.52,29.6,30.28,14267977.0,600460,士兰微
2022-10-12,30.41,31.400000000000002,29.990000000000002,31.330000000000002,22904677.0,600460,士兰微
2022-10-13,31.03,31.53,30.96,31.03,15403530.0,600460,士兰微
2022-10-14,31.48,32.0,31.040000000000003,31.950000000000003,19344038.0,600460,士兰微
2022-10-17,31.080000000000002,32.39,30.78,32.13,24524709.0,600460,士兰微
2022-10-18,32.39,32.480000000000004,31.560000000000002,31.76,16375862.0,600460,士兰微
2022-10-19,31.77,32.2,31.28,31.3,16178607.0,600460,士兰微
2022-10-20,30.93,34.04,30.86,33.11,49597138.0,600460,士兰微
2022-10-21,32.76,32.76,31.68,31.78,34096837.0,600460,士兰微
2022-10-24,31.71,32.88,30.91,31.37,25826681.0,600460,士兰微
2022-10-25,31.060000000000002,31.75,30.790000000000003,31.18,17480663.0,600460,士兰微
2022-10-26,31.240000000000002,32.44,30.970000000000002,32.050000000000004,24621598.0,600460,士兰微
2022-10-27,32.04,32.63,31.700000000000003,32.03,26742408.0,600460,士兰微
2022-10-28,31.85,32.5,30.34,30.69,28331658.0,600460,士兰微
2022-10-31,29.48,31.55,29.060000000000002,31.18,23470715.0,600460,士兰微
2022-11-01,31.290000000000003,31.78,30.67,31.78,20617670.0,600460,士兰微
2022-11-02,31.73,32.93,31.630000000000003,32.22,26188195.0,600460,士兰微
2022-11-03,31.97,34.550000000000004,31.800000000000004,34.160000000000004,45244551.0,600460,士兰微
2022-11-04,34.18,34.71,33.58,34.370000000000005,38722282.0,600460,士兰微
2022-11-07,34.21,34.88,33.83,33.94,24680529.0,600460,士兰微
2022-11-08,34.1,34.36,33.17,33.51,18291043.0,600460,士兰微
2022-11-09,33.63,33.74,33.11,33.2,13559559.0,600460,士兰微
2022-11-10,33.19,33.84,33.11,33.25,20769460.0,600460,士兰微
2022-11-11,34.28,34.43,33.34,33.36,26151064.0,600460,士兰微
2022-11-14,33.38,35.11,32.910000000000004,35.09,43351652.0,600460,士兰微
2022-11-15,34.78,38.46,34.63,37.61,69104145.0,600460,士兰微
2022-11-16,37.08,37.89,36.68,36.89,34397999.0,600460,士兰微
2022-11-17,36.53,38.9,36.09,38.74,48881209.0,600460,士兰微
2022-11-18,38.160000000000004,38.870000000000005,37.38,37.56,30794761.0,600460,士兰微
2022-11-21,37.08,37.88,36.5,36.83,19049153.0,600460,士兰微
2022-11-22,36.78,38.42,36.51,37.1,24459272.0,600460,士兰微
2022-11-23,36.77,37.31,35.96,36.46,17685597.0,600460,士兰微
2022-11-24,36.76,36.76,35.660000000000004,35.76,15971098.0,600460,士兰微
2022-11-25,35.68,36.54,35.35,35.39,15103377.0,600460,士兰微
2022-11-28,34.300000000000004,35.26,34.06,34.92,12571675.0,600460,士兰微
2022-11-29,34.980000000000004,36.51,34.980000000000004,36.050000000000004,18935652.0,600460,士兰微
2022-11-30,35.870000000000005,36.53,35.64,36.38,15728419.0,600460,士兰微
2022-12-01,36.76,37.09,36.160000000000004,36.32,18855014.0,600460,士兰微
2022-12-02,35.95,36.63,35.74,35.75,12962492.0,600460,士兰微
2022-12-05,36.01,36.24,35.46,36.24,14808684.0,600460,士兰微
2022-12-06,36.28,37.4,36.230000000000004,36.980000000000004,24959221.0,600460,士兰微
2022-12-07,36.800000000000004,37.01,36.42,36.63,14082052.0,600460,士兰微
2022-12-08,36.36,36.72,35.5,35.52,14837760.0,600460,士兰微
2022-12-09,35.76,36.550000000000004,35.75,36.1,14927191.0,600460,士兰微
2022-12-12,35.84,37.54,35.56,36.92,25552656.0,600460,士兰微
2022-12-13,36.71,37.24,36.32,36.92,16159404.0,600460,士兰微
2022-12-14,38.45,38.88,36.99,37.04,32632794.0,600460,士兰微
2022-12-15,36.82,38.06,36.56,37.33,25154617.0,600460,士兰微
2022-12-16,36.78,37.03,36.1,36.45,17488173.0,600460,士兰微
2022-12-19,36.02,36.28,34.88,35.01,13660052.0,600460,士兰微
2022-12-20,34.88,35.61,34.83,35.050000000000004,7787313.0,600460,士兰微
2022-12-21,35.050000000000004,35.45,33.89,34.17,10874273.0,600460,士兰微
2022-12-22,34.38,34.53,33.53,33.74,9817407.0,600460,士兰微
2022-12-23,33.51,33.74,32.15,32.620000000000005,14640430.0,600460,士兰微
2022-12-26,32.620000000000005,34.11,32.49,33.660000000000004,15062789.0,600460,士兰微
2022-12-27,33.68,33.85,33.24,33.77,9951206.0,600460,士兰微
2022-12-28,33.5,33.7,33.03,33.13,7231680.0,600460,士兰微
2022-12-29,33.26,33.42,32.78,32.82,8455158.0,600460,士兰微
2022-12-30,33.17,33.33,32.4,32.57,9864705.0,600460,士兰微
2023-01-03,32.57,33.07,32.22,33.03,10865530.0,600460,士兰微
2023-01-04,32.9,33.59,32.51,32.79,12297040.0,600460,士兰微
2023-01-05,32.68,33.14,31.78,32.06,35538173.0,600460,士兰微
2023-01-06,31.800000000000004,32.88,31.42,32.660000000000004,27084979.0,600460,士兰微
2023-01-09,32.76,33.660000000000004,32.59,32.980000000000004,19418452.0,600460,士兰微
2023-01-10,32.980000000000004,33.63,32.89,33.38,18651161.0,600460,士兰微
2023-01-11,33.38,33.980000000000004,32.88,32.89,17695793.0,600460,士兰微
2023-01-12,32.980000000000004,33.11,32.480000000000004,32.75,9270439.0,600460,士兰微
2023-01-13,32.86,33.03,32.410000000000004,32.96,9161055.0,600460,士兰微
2023-01-16,32.7,34.07,32.6,33.78,22081667.0,600460,士兰微
2023-01-17,33.92,36.370000000000005,33.78,35.1,36637063.0,600460,士兰微
2023-01-18,35.01,35.28,34.58,34.79,15556681.0,600460,士兰微
2023-01-19,34.83,35.53,34.68,35.43,17031432.0,600460,士兰微
2023-01-20,35.5,35.550000000000004,35.2,35.44,12854877.0,600460,士兰微
2023-01-30,36.18,36.25,35.56,35.6,17342004.0,600460,士兰微
2023-01-31,35.480000000000004,35.76,34.96,35.11,14851093.0,600460,士兰微
2023-02-01,35.24,36.08,35.2,35.76,17155159.0,600460,士兰微
2023-02-02,36.120000000000005,36.81,35.870000000000005,36.19,26099250.0,600460,士兰微
2023-02-03,36.19,36.76,35.38,36.08,17848331.0,600460,士兰微
2023-02-06,35.800000000000004,36.160000000000004,35.39,35.5,12429907.0,600460,士兰微
2023-02-07,35.64,35.78,35.09,35.300000000000004,13141360.0,600460,士兰微
2023-02-08,35.370000000000005,35.86,34.99,35.01,12143155.0,600460,士兰微
2023-02-09,34.980000000000004,36.77,34.7,36.660000000000004,31712701.0,600460,士兰微
2023-02-10,36.660000000000004,36.96,35.99,36.33,18891643.0,600460,士兰微
2023-02-13,36.22,36.68,35.96,36.4,17361121.0,600460,士兰微
2023-02-14,36.4,37.09,35.99,36.2,19218006.0,600460,士兰微
2023-02-15,36.120000000000005,36.35,35.69,36.27,16097079.0,600460,士兰微
2023-02-16,36.22,36.75,35.1,35.4,26021361.0,600460,士兰微
2023-02-17,35.2,35.480000000000004,33.94,33.99,23392217.0,600460,士兰微
2023-02-20,33.980000000000004,34.35,33.58,34.24,16378525.0,600460,士兰微
2023-02-21,34.15,34.59,33.78,34.1,14723663.0,600460,士兰微
2023-02-22,33.83,34.21,33.58,33.81,12519315.0,600460,士兰微
2023-02-23,33.81,33.96,33.59,33.88,11362903.0,600460,士兰微
2023-02-24,34.160000000000004,34.230000000000004,33.49,33.69,13807964.0,600460,士兰微
2023-02-27,33.28,33.57,32.93,33.2,11828891.0,600460,士兰微
2023-02-28,33.28,33.550000000000004,32.980000000000004,33.49,10199002.0,600460,士兰微
2023-03-01,33.47,33.870000000000005,33.33,33.870000000000005,12350161.0,600460,士兰微
2023-03-02,33.9,34.050000000000004,33.43,33.45,12154242.0,600460,士兰微
2023-03-03,33.93,34.39,33.6,34.06,21918024.0,600460,士兰微
2023-03-06,34.07,34.38,33.620000000000005,34.18,15820307.0,600460,士兰微
2023-03-07,34.08,34.11,33.09,33.09,14619071.0,600460,士兰微
2023-03-08,32.95,33.46,32.88,33.28,10210630.0,600460,士兰微
2023-03-09,33.29,34.08,33.29,33.71,16550295.0,600460,士兰微
2023-03-10,33.53,34.04,33.120000000000005,33.47,15966709.0,600460,士兰微
2023-03-13,33.300000000000004,33.54,32.68,32.910000000000004,13492474.0,600460,士兰微
2023-03-14,32.79,34.6,32.38,34.370000000000005,38361884.0,600460,士兰微
2023-03-15,34.480000000000004,34.870000000000005,34.08,34.38,24901135.0,600460,士兰微
2023-03-16,33.96,35.13,33.89,34.56,30885175.0,600460,士兰微
2023-03-17,34.86,35.04,34.39,34.74,29891015.0,600460,士兰微
2023-03-20,34.68,35.660000000000004,34.21,35.370000000000005,33245685.0,600460,士兰微
2023-03-21,35.29,35.64,35.01,35.33,20179792.0,600460,士兰微
2023-03-22,35.28,35.38,34.59,35.04,23194643.0,600460,士兰微
2023-03-23,34.76,36.28,34.68,36.13,47646478.0,600460,士兰微
2023-03-24,36.18,36.4,35.58,36.15,35666086.0,600460,士兰微
2023-03-27,36.01,36.27,35.160000000000004,35.46,25673785.0,600460,士兰微
2023-03-28,35.44,35.47,34.58,34.59,19772289.0,600460,士兰微
2023-03-29,34.67,36.19,34.31,35.67,39300033.0,600460,士兰微
2023-03-30,35.67,36.47,35.36,35.77,36772187.0,600460,士兰微
2023-03-31,36.88,37.85,36.44,36.79,73254437.0,600460,士兰微
2023-04-03,36.89,37.5,36.58,37.300000000000004,62267183.0,600460,士兰微
2023-04-04,37.28,38.61,36.99,37.83,75797931.0,600460,士兰微
2023-04-06,37.84,41.64,37.84,40.97,122671047.0,600460,士兰微
2023-04-07,41.28,41.49,40.18,41.14,79998254.0,600460,士兰微
2023-04-10,41.13,41.14,39.09,39.1,66901923.0,600460,士兰微
2023-04-11,39.1,39.800000000000004,38.44,39.44,48045148.0,600460,士兰微
2023-04-12,39.24,40.160000000000004,38.69,39.92,46908402.0,600460,士兰微
2023-04-13,39.43,39.660000000000004,37.78,37.800000000000004,48094094.0,600460,士兰微
2023-04-14,38.120000000000005,39.46,37.28,39.24,52195891.0,600460,士兰微
2023-04-17,38.9,39.45,38.28,38.43,32607290.0,600460,士兰微
2023-04-18,38.19,38.19,37.18,37.52,36642219.0,600460,士兰微
2023-04-19,37.65,38.160000000000004,37.42,37.57,30516737.0,600460,士兰微
2023-04-20,37.09,38.27,36.99,37.64,33392645.0,600460,士兰微
2023-04-21,37.44,37.45,35.08,35.120000000000005,45383886.0,600460,士兰微
2023-04-24,35.120000000000005,35.27,33.35,33.68,41354853.0,600460,士兰微
2023-04-25,33.71,33.88,32.38,32.71,30000984.0,600460,士兰微
2023-04-26,32.550000000000004,33.07,31.840000000000003,32.82,26825888.0,600460,士兰微
2023-04-27,32.68,33.2,32.44,32.58,21331830.0,600460,士兰微
2023-04-28,32.38,32.980000000000004,32.25,32.68,22000852.0,600460,士兰微
2023-05-04,32.54,33.230000000000004,32.43,33.07,18760086.0,600460,士兰微
2023-05-05,33.17,33.53,32.660000000000004,32.88,15087277.0,600460,士兰微
2023-05-08,33.08,33.31,32.7,33.13,13552803.0,600460,士兰微
2023-05-09,33.2,34.13,32.910000000000004,33.72,22951537.0,600460,士兰微
2023-05-10,33.52,34.28,33.4,34.15,17242869.0,600460,士兰微
2023-05-11,34.27,34.46,33.78,33.81,13757055.0,600460,士兰微
2023-05-12,33.760000000000005,34.080000000000005,32.470000000000006,32.510000000000005,18640407.0,600460,士兰微
2023-05-15,32.260000000000005,33.21,32.13,33.14,11596166.0,600460,士兰微
2023-05-16,33.14,33.650000000000006,32.800000000000004,33.150000000000006,13334826.0,600460,士兰微
2023-05-17,32.99,33.56,32.89,33.17,9677214.0,600460,士兰微
2023-05-18,33.18,33.38,32.660000000000004,32.75,12575671.0,600460,士兰微
2023-05-19,32.68,33.39,32.68,33.260000000000005,16299287.0,600460,士兰微
2023-05-22,33.38,33.57,32.900000000000006,33.160000000000004,9486615.0,600460,士兰微
2023-05-23,33.080000000000005,33.080000000000005,32.63,32.64,8664924.0,600460,士兰微
2023-05-24,32.480000000000004,33.1,32.260000000000005,32.64,10588649.0,600460,士兰微
2023-05-25,32.7,32.95,32.580000000000005,32.93,9648252.0,600460,士兰微
2023-05-26,32.93,33.29,32.75,33.2,11323612.0,600460,士兰微
2023-05-29,33.220000000000006,33.46,32.7,32.730000000000004,13107297.0,600460,士兰微
2023-05-30,32.63,32.650000000000006,30.320000000000004,31.560000000000002,32494442.0,600460,士兰微
2023-05-31,31.28,32.61,31.21,31.830000000000002,20294780.0,600460,士兰微
2023-06-01,31.830000000000002,32.260000000000005,31.060000000000002,31.85,16135443.0,600460,士兰微
2023-06-02,31.96,32.34,31.610000000000003,32.080000000000005,13019694.0,600460,士兰微
2023-06-05,32.03,32.53,31.740000000000002,31.820000000000004,12573845.0,600460,士兰微
2023-06-06,31.630000000000003,31.630000000000003,30.53,30.660000000000004,16014416.0,600460,士兰微
2023-06-07,30.660000000000004,30.950000000000003,30.160000000000004,30.250000000000004,12906993.0,600460,士兰微
2023-06-08,30.180000000000003,30.180000000000003,29.610000000000003,29.800000000000004,13139670.0,600460,士兰微
2023-06-09,29.76,30.000000000000004,29.28,30.000000000000004,18198921.0,600460,士兰微
2023-06-12,30.000000000000004,30.1,29.680000000000003,29.76,12204803.0,600460,士兰微
2023-06-13,29.770000000000003,30.560000000000002,29.540000000000003,30.53,17602699.0,600460,士兰微
2023-06-14,30.470000000000002,30.53,30.140000000000004,30.340000000000003,10816551.0,600460,士兰微
2023-06-15,30.290000000000003,30.730000000000004,30.26,30.650000000000002,12707207.0,600460,士兰微
2023-06-16,30.53,31.040000000000003,30.46,31.020000000000003,13317002.0,600460,士兰微
2023-06-19,31.020000000000003,31.17,30.700000000000003,30.810000000000002,15083995.0,600460,士兰微
2023-06-20,30.800000000000004,31.62,30.71,31.37,21950659.0,600460,士兰微
2023-06-21,31.230000000000004,31.300000000000004,30.220000000000002,30.230000000000004,14889564.0,600460,士兰微
2023-06-26,30.070000000000004,30.480000000000004,29.560000000000002,29.85,13702493.0,600460,士兰微
2023-06-27,29.860000000000003,30.19,29.76,29.930000000000003,7904539.0,600460,士兰微
2023-06-28,29.980000000000004,30.01,29.080000000000002,29.520000000000003,13099929.0,600460,士兰微
2023-06-29,29.480000000000004,30.03,29.380000000000003,29.6,10760775.0,600460,士兰微
2023-06-30,29.490000000000002,30.400000000000002,29.380000000000003,30.150000000000002,14030970.0,600460,士兰微
2023-07-03,30.180000000000003,30.750000000000004,30.180000000000003,30.400000000000002,10382218.0,600460,士兰微
2023-07-04,30.640000000000004,32.03,30.410000000000004,31.640000000000004,30256901.0,600460,士兰微
2023-07-05,31.450000000000003,31.800000000000004,31.200000000000003,31.250000000000004,15143418.0,600460,士兰微
2023-07-06,31.17,31.6,30.990000000000002,31.1,10788779.0,600460,士兰微
2023-07-07,30.900000000000002,30.92,30.390000000000004,30.610000000000003,9486313.0,600460,士兰微
2023-07-10,30.85,31.040000000000003,30.680000000000003,30.810000000000002,7658614.0,600460,士兰微
2023-07-11,30.790000000000003,31.380000000000003,30.76,31.270000000000003,11628782.0,600460,士兰微
2023-07-12,31.26,31.380000000000003,30.540000000000003,30.62,11252658.0,600460,士兰微
2023-07-13,30.650000000000002,31.480000000000004,30.650000000000002,31.360000000000003,16341651.0,600460,士兰微
2023-07-14,31.450000000000003,31.550000000000004,31.000000000000004,31.090000000000003,12007930.0,600460,士兰微
2023-07-17,30.180000000000003,30.740000000000002,29.570000000000004,30.580000000000002,17387960.0,600460,士兰微
2023-07-18,30.660000000000004,31.380000000000003,30.630000000000003,30.750000000000004,15369701.0,600460,士兰微
2023-07-19,30.650000000000002,31.01,30.28,30.570000000000004,8989293.0,600460,士兰微
2023-07-20,30.570000000000004,30.750000000000004,29.950000000000003,30.080000000000002,9012365.0,600460,士兰微
2023-07-21,30.1,30.500000000000004,29.750000000000004,29.790000000000003,10762692.0,600460,士兰微
2023-07-24,29.680000000000003,29.950000000000003,29.360000000000003,29.500000000000004,9114635.0,600460,士兰微
2023-07-25,29.790000000000003,30.26,29.69,30.180000000000003,10254416.0,600460,士兰微
2023-07-26,30.26,30.26,29.880000000000003,30.020000000000003,6884540.0,600460,士兰微
2023-07-27,30.060000000000002,30.180000000000003,29.700000000000003,29.78,6920980.0,600460,士兰微
2023-07-28,29.700000000000003,30.240000000000002,29.51,30.150000000000002,11197599.0,600460,士兰微
2023-07-31,30.150000000000002,30.830000000000002,30.050000000000004,30.51,15174728.0,600460,士兰微
2023-08-01,30.51,30.810000000000002,30.28,30.490000000000002,11999700.0,600460,士兰微
2023-08-02,30.37,30.570000000000004,30.140000000000004,30.230000000000004,8592552.0,600460,士兰微
2023-08-03,30.17,30.44,29.950000000000003,30.330000000000002,8070300.0,600460,士兰微
2023-08-04,30.37,30.630000000000003,29.790000000000003,29.980000000000004,18598507.0,600460,士兰微
2023-08-07,29.800000000000004,29.96,29.550000000000004,29.6,11597195.0,600460,士兰微
2023-08-08,29.62,29.78,29.430000000000003,29.53,8754046.0,600460,士兰微
2023-08-09,29.490000000000002,29.69,29.360000000000003,29.550000000000004,6224628.0,600460,士兰微
2023-08-10,29.660000000000004,29.800000000000004,29.520000000000003,29.62,5507202.0,600460,士兰微
2023-08-11,29.610000000000003,29.660000000000004,29.180000000000003,29.19,7642200.0,600460,士兰微
2023-08-14,29.080000000000002,29.19,27.890000000000004,28.070000000000004,16955588.0,600460,士兰微
2023-08-15,28.070000000000004,28.1,26.840000000000003,26.96,19245055.0,600460,士兰微
2023-08-16,26.890000000000004,27.130000000000003,26.28,26.320000000000004,17243061.0,600460,士兰微
2023-08-17,26.320000000000004,26.610000000000003,26.050000000000004,26.490000000000002,10814388.0,600460,士兰微
2023-08-18,26.500000000000004,26.660000000000004,25.450000000000003,25.46,15906889.0,600460,士兰微
2023-08-21,25.380000000000003,25.660000000000004,24.990000000000002,25.01,13011522.0,600460,士兰微
2023-08-22,25.180000000000003,25.300000000000004,24.03,24.810000000000002,26997747.0,600460,士兰微
2023-08-23,24.730000000000004,24.730000000000004,23.96,23.980000000000004,12725707.0,600460,士兰微
2023-08-24,24.17,24.53,23.800000000000004,24.250000000000004,14765691.0,600460,士兰微
2023-08-25,24.090000000000003,24.140000000000004,23.62,23.78,11096364.0,600460,士兰微
2023-08-28,25.03,25.160000000000004,24.060000000000002,24.160000000000004,19209815.0,600460,士兰微
2023-08-29,24.340000000000003,25.150000000000002,24.26,25.060000000000002,19543160.0,600460,士兰微
2023-08-30,25.44,25.94,25.1,25.230000000000004,24900123.0,600460,士兰微
2023-08-31,25.080000000000002,25.560000000000002,24.880000000000003,25.230000000000004,14370241.0,600460,士兰微
2023-09-01,25.220000000000002,25.560000000000002,25.01,25.200000000000003,9487868.0,600460,士兰微
2023-09-04,25.240000000000002,25.630000000000003,25.090000000000003,25.62,11762427.0,600460,士兰微
2023-09-05,25.610000000000003,25.930000000000003,25.490000000000002,25.62,13616180.0,600460,士兰微
2023-09-06,25.500000000000004,26.240000000000002,25.410000000000004,26.150000000000002,22705346.0,600460,士兰微
2023-09-07,25.970000000000002,26.040000000000003,25.390000000000004,25.390000000000004,14932773.0,600460,士兰微
2023-09-08,25.340000000000003,25.730000000000004,25.140000000000004,25.610000000000003,8711791.0,600460,士兰微
2023-09-11,25.570000000000004,25.820000000000004,25.470000000000002,25.69,9172678.0,600460,士兰微
2023-09-12,25.78,25.820000000000004,25.520000000000003,25.62,7023609.0,600460,士兰微
2023-09-13,25.51,25.630000000000003,25.080000000000002,25.270000000000003,8413430.0,600460,士兰微
2023-09-14,25.26,25.37,24.880000000000003,25.000000000000004,7094226.0,600460,士兰微
2023-09-15,25.080000000000002,25.880000000000003,24.78,25.240000000000002,12954861.0,600460,士兰微
2023-09-18,25.1,25.44,24.980000000000004,25.110000000000003,7285027.0,600460,士兰微
2023-09-19,25.500000000000004,25.500000000000004,24.570000000000004,24.830000000000002,9363237.0,600460,士兰微
2023-09-20,24.85,25.03,24.44,24.44,6143208.0,600460,士兰微
2023-09-21,24.410000000000004,24.730000000000004,24.320000000000004,24.400000000000002,7247540.0,600460,士兰微
2023-09-22,24.400000000000002,24.860000000000003,24.21,24.840000000000003,8732641.0,600460,士兰微
2023-09-25,24.840000000000003,24.860000000000003,24.26,24.360000000000003,8913114.0,600460,士兰微
2023-09-26,24.360000000000003,24.37,23.96,24.01,7665039.0,600460,士兰微
2023-09-27,24.01,24.51,23.880000000000003,24.060000000000002,8006338.0,600460,士兰微
2023-09-28,24.200000000000003,24.37,24.03,24.240000000000002,7003110.0,600460,士兰微
2023-10-09,24.200000000000003,24.330000000000002,23.950000000000003,24.110000000000003,8560280.0,600460,士兰微
2023-10-10,24.290000000000003,25.17,24.140000000000004,24.700000000000003,19156559.0,600460,士兰微
2023-10-11,24.740000000000002,25.19,24.680000000000003,24.900000000000002,15352610.0,600460,士兰微
2023-10-12,25.03,25.070000000000004,24.610000000000003,25.03,10416130.0,600460,士兰微
2023-10-13,24.880000000000003,25.240000000000002,24.76,25.01,10372245.0,600460,士兰微
2023-10-16,24.930000000000003,24.930000000000003,24.1,24.180000000000003,11187861.0,600460,士兰微
2023-10-17,24.250000000000004,24.660000000000004,24.080000000000002,24.42,8936742.0,600460,士兰微
2023-10-18,24.380000000000003,24.550000000000004,23.680000000000003,23.680000000000003,10915534.0,600460,士兰微
2023-10-19,23.480000000000004,24.76,23.390000000000004,23.730000000000004,17265355.0,600460,士兰微
2023-10-20,23.730000000000004,23.830000000000002,23.050000000000004,23.110000000000003,13341750.0,600460,士兰微
2023-10-23,22.950000000000003,23.020000000000003,22.35,22.520000000000003,10350090.0,600460,士兰微
2023-10-24,22.610000000000003,23.12,22.220000000000002,23.040000000000003,12664262.0,600460,士兰微
2023-10-25,23.050000000000004,23.480000000000004,23.040000000000003,23.380000000000003,11510478.0,600460,士兰微
2023-10-26,23.310000000000002,23.310000000000002,22.78,23.080000000000002,11632994.0,600460,士兰微
2023-10-27,22.790000000000003,23.610000000000003,22.640000000000004,23.500000000000004,12584564.0,600460,士兰微
2023-10-30,23.320000000000004,24.330000000000002,23.290000000000003,24.250000000000004,18351224.0,600460,士兰微
2023-10-31,24.21,24.480000000000004,23.990000000000002,24.140000000000004,9505511.0,600460,士兰微
2023-11-01,24.050000000000004,24.450000000000003,23.980000000000004,24.160000000000004,9915973.0,600460,士兰微
2023-11-02,24.150000000000002,24.37,23.730000000000004,23.750000000000004,8593248.0,600460,士兰微
2023-11-03,23.880000000000003,25.320000000000004,23.87,25.060000000000002,27623714.0,600460,士兰微
2023-11-06,25.130000000000003,25.610000000000003,25.080000000000002,25.390000000000004,22963021.0,600460,士兰微
2023-11-07,25.42,26.080000000000002,25.270000000000003,25.890000000000004,31196412.0,600460,士兰微
2023-11-08,25.6,25.71,25.130000000000003,25.400000000000002,27390400.0,600460,士兰微
2023-11-09,26.380000000000003,26.71,25.390000000000004,25.46,43621173.0,600460,士兰微
2023-11-10,25.46,27.730000000000004,25.26,26.410000000000004,58235155.0,600460,士兰微
2023-11-13,26.1,26.480000000000004,25.92,26.050000000000004,30002287.0,600460,士兰微
2023-11-14,25.890000000000004,26.250000000000004,25.69,25.880000000000003,21347196.0,600460,士兰微
2023-11-15,26.090000000000003,26.160000000000004,25.69,25.78,17576749.0,600460,士兰微
2023-11-16,25.680000000000003,25.680000000000003,25.220000000000002,25.240000000000002,17243756.0,600460,士兰微
2023-11-17,25.200000000000003,25.53,25.110000000000003,25.300000000000004,11973347.0,600460,士兰微
2023-11-20,25.310000000000002,25.42,24.950000000000003,25.270000000000003,12730425.0,600460,士兰微
2023-11-21,25.320000000000004,25.51,24.94,24.980000000000004,13471786.0,600460,士兰微
2023-11-22,24.890000000000004,24.990000000000002,24.390000000000004,24.430000000000003,13915362.0,600460,士兰微
2023-11-23,24.540000000000003,24.750000000000004,24.380000000000003,24.730000000000004,11027868.0,600460,士兰微
2023-11-24,24.680000000000003,24.680000000000003,24.12,24.180000000000003,10080401.0,600460,士兰微
2023-11-27,24.140000000000004,24.430000000000003,23.970000000000002,24.230000000000004,10347480.0,600460,士兰微
2023-11-28,24.310000000000002,24.480000000000004,24.110000000000003,24.37,8649187.0,600460,士兰微
2023-11-29,24.320000000000004,25.110000000000003,24.320000000000004,24.76,20806778.0,600460,士兰微
2023-11-30,24.580000000000002,24.67,23.970000000000002,24.040000000000003,12021392.0,600460,士兰微
2023-12-01,24.040000000000003,24.300000000000004,23.78,24.220000000000002,9459302.0,600460,士兰微
2023-12-04,24.35,24.42,23.880000000000003,23.890000000000004,9213636.0,600460,士兰微
2023-12-05,23.830000000000002,23.830000000000002,23.19,23.200000000000003,10255521.0,600460,士兰微
2023-12-06,23.110000000000003,23.53,23.050000000000004,23.12,8932913.0,600460,士兰微
2023-12-07,23.110000000000003,23.150000000000002,22.78,22.890000000000004,8516165.0,600460,士兰微
2023-12-08,22.930000000000003,23.21,22.78,23.03,12052568.0,600460,士兰微
2023-12-11,22.880000000000003,23.250000000000004,22.51,23.240000000000002,12484242.0,600460,士兰微
2023-12-12,23.150000000000002,23.42,23.090000000000003,23.310000000000002,8857057.0,600460,士兰微
2023-12-13,23.240000000000002,23.300000000000004,22.970000000000002,22.990000000000002,6368242.0,600460,士兰微
2023-12-14,23.080000000000002,23.37,22.980000000000004,22.990000000000002,7087645.0,600460,士兰微
2023-12-15,23.080000000000002,23.19,22.830000000000002,22.910000000000004,6313662.0,600460,士兰微
2023-12-18,22.900000000000002,22.900000000000002,22.44,22.480000000000004,6698516.0,600460,士兰微
2023-12-19,22.480000000000004,22.700000000000003,22.300000000000004,22.540000000000003,5884786.0,600460,士兰微
2023-12-20,22.540000000000003,22.62,22.090000000000003,22.090000000000003,5638188.0,600460,士兰微
2023-12-21,22.01,22.44,21.94,22.300000000000004,6955665.0,600460,士兰微
2023-12-22,22.37,22.410000000000004,21.860000000000003,22.070000000000004,9498934.0,600460,士兰微
2023-12-25,22.1,22.360000000000003,21.980000000000004,22.21,5531417.0,600460,士兰微
2023-12-26,22.17,22.26,21.680000000000003,21.820000000000004,7276655.0,600460,士兰微
2023-12-27,21.840000000000003,22.060000000000002,21.78,21.96,6347243.0,600460,士兰微
2023-12-28,21.96,22.730000000000004,21.87,22.46,19317512.0,600460,士兰微
2023-12-29,22.390000000000004,22.730000000000004,22.390000000000004,22.71,10825072.0,600460,士兰微
2024-01-02,22.680000000000003,22.69,22.200000000000003,22.21,11059716.0,600460,士兰微
2024-01-03,22.180000000000003,22.270000000000003,21.78,22.000000000000004,8551975.0,600460,士兰微
2024-01-04,21.970000000000002,22.03,21.390000000000004,21.540000000000003,9361539.0,600460,士兰微
2024-01-05,21.550000000000004,21.790000000000003,21.01,21.090000000000003,8029945.0,600460,士兰微
2024-01-08,20.94,21.090000000000003,20.580000000000002,20.610000000000003,7911172.0,600460,士兰微
2024-01-09,20.78,21.040000000000003,20.610000000000003,20.71,6723700.0,600460,士兰微
2024-01-10,20.71,20.900000000000002,20.26,20.62,8095774.0,600460,士兰微
2024-01-11,20.550000000000004,21.040000000000003,20.550000000000004,20.94,7839573.0,600460,士兰微
2024-01-12,20.860000000000003,20.970000000000002,20.580000000000002,20.580000000000002,7226745.0,600460,士兰微
2024-01-15,20.560000000000002,21.200000000000003,20.330000000000002,20.890000000000004,11783032.0,600460,士兰微
2024-01-16,20.770000000000003,21.01,20.660000000000004,20.94,8952297.0,600460,士兰微
2024-01-17,20.78,20.880000000000003,20.380000000000003,20.380000000000003,7610586.0,600460,士兰微
2024-01-18,20.28,20.820000000000004,19.860000000000003,20.720000000000002,12308650.0,600460,士兰微
2024-01-19,20.67,21.020000000000003,20.6,20.78,9357800.0,600460,士兰微
2024-01-22,20.790000000000003,20.860000000000003,19.880000000000003,20.050000000000004,10095414.0,600460,士兰微
2024-01-23,20.03,20.360000000000003,19.740000000000002,20.250000000000004,7773540.0,600460,士兰微
2024-01-24,20.330000000000002,20.37,19.480000000000004,20.17,10737350.0,600460,士兰微
2024-01-25,20.130000000000003,20.700000000000003,19.92,20.700000000000003,12088654.0,600460,士兰微
2024-01-26,20.53,20.700000000000003,20.410000000000004,20.500000000000004,8211614.0,600460,士兰微
2024-01-29,20.560000000000002,20.820000000000004,19.980000000000004,19.990000000000002,7743986.0,600460,士兰微
2024-01-30,19.810000000000002,19.92,19.020000000000003,19.020000000000003,11340961.0,600460,士兰微
2024-01-31,18.78,19.01,18.03,18.050000000000004,15886185.0,600460,士兰微
2024-02-01,17.96,18.430000000000003,17.6,18.130000000000003,11589866.0,600460,士兰微
2024-02-02,18.130000000000003,18.380000000000003,16.67,17.180000000000003,15444573.0,600460,士兰微
2024-02-05,17.1,17.180000000000003,15.620000000000001,16.180000000000003,20128025.0,600460,士兰微
2024-02-06,16.17,17.320000000000004,15.97,17.21,17778235.0,600460,士兰微
2024-02-07,17.28,18.21,17.180000000000003,17.930000000000003,20402161.0,600460,士兰微
2024-02-08,18.080000000000002,18.660000000000004,17.85,18.540000000000003,19871876.0,600460,士兰微
2024-02-19,18.78,18.910000000000004,18.480000000000004,18.860000000000003,15764744.0,600460,士兰微
2024-02-20,18.76,18.980000000000004,18.400000000000002,18.85,11511222.0,600460,士兰微
2024-02-21,18.630000000000003,19.44,18.560000000000002,19.000000000000004,14406117.0,600460,士兰微
2024-02-22,19.000000000000004,19.37,19.000000000000004,19.340000000000003,11413073.0,600460,士兰微
2024-02-23,19.44,19.720000000000002,19.17,19.640000000000004,14634508.0,600460,士兰微
2024-02-26,19.660000000000004,20.150000000000002,19.570000000000004,19.87,14514652.0,600460,士兰微
2024-02-27,19.85,20.700000000000003,19.71,20.680000000000003,16846206.0,600460,士兰微
2024-02-28,20.680000000000003,21.330000000000002,19.790000000000003,19.840000000000003,24222841.0,600460,士兰微
2024-02-29,19.810000000000002,21.080000000000002,19.800000000000004,20.78,26272359.0,600460,士兰微
2024-03-01,20.980000000000004,21.660000000000004,20.820000000000004,21.500000000000004,30830112.0,600460,士兰微
2024-03-04,21.480000000000004,21.62,21.080000000000002,21.340000000000003,20374866.0,600460,士兰微
2024-03-05,21.160000000000004,21.560000000000002,20.930000000000003,21.110000000000003,16777481.0,600460,士兰微
2024-03-06,20.910000000000004,21.19,20.540000000000003,20.970000000000002,13797982.0,600460,士兰微
2024-03-07,21.12,21.35,20.550000000000004,20.560000000000002,12317652.0,600460,士兰微
2024-03-08,20.640000000000004,20.820000000000004,20.46,20.69,10650341.0,600460,士兰微
2024-03-11,20.680000000000003,20.96,20.42,20.950000000000003,11792712.0,600460,士兰微
2024-03-12,21.070000000000004,21.480000000000004,20.930000000000003,21.160000000000004,14193482.0,600460,士兰微
2024-03-13,21.080000000000002,21.490000000000002,21.080000000000002,21.180000000000003,13242206.0,600460,士兰微
2024-03-14,21.070000000000004,21.17,20.51,20.67,11767516.0,600460,士兰微
2024-03-15,20.71,20.770000000000003,20.390000000000004,20.700000000000003,9669300.0,600460,士兰微
2024-03-18,20.750000000000004,21.550000000000004,20.750000000000004,21.470000000000002,19398901.0,600460,士兰微
2024-03-19,21.360000000000003,22.01,21.28,21.410000000000004,17873169.0,600460,士兰微
2024-03-20,21.400000000000002,21.560000000000002,21.150000000000002,21.35,10343015.0,600460,士兰微
2024-03-21,21.430000000000003,21.770000000000003,21.200000000000003,21.310000000000002,11745429.0,600460,士兰微
2024-03-22,21.330000000000002,21.71,20.890000000000004,20.890000000000004,13918255.0,600460,士兰微
2024-03-25,20.740000000000002,20.750000000000004,19.910000000000004,19.92,16702700.0,600460,士兰微
2024-03-26,20.000000000000004,20.430000000000003,19.560000000000002,19.87,14649541.0,600460,士兰微
2024-03-27,19.930000000000003,20.03,19.080000000000002,19.080000000000002,13198077.0,600460,士兰微
2024-03-28,19.070000000000004,19.720000000000002,19.060000000000002,19.470000000000002,11179788.0,600460,士兰微
2024-03-29,19.44,19.570000000000004,19.12,19.35,7806628.0,600460,士兰微
2024-04-01,19.450000000000003,19.96,19.450000000000003,19.96,10599110.0,600460,士兰微
2024-04-02,20.000000000000004,20.03,19.560000000000002,19.67,8727253.0,600460,士兰微
2024-04-03,19.560000000000002,19.810000000000002,19.290000000000003,19.520000000000003,9039789.0,600460,士兰微
2024-04-08,19.520000000000003,19.560000000000002,18.750000000000004,18.76,10631381.0,600460,士兰微
2024-04-09,18.890000000000004,19.71,18.860000000000003,19.53,17634192.0,600460,士兰微
2024-04-10,19.53,19.53,18.85,18.92,12179783.0,600460,士兰微
2024-04-11,18.810000000000002,19.150000000000002,18.62,18.660000000000004,11143129.0,600460,士兰微
2024-04-12,18.69,18.92,18.430000000000003,18.480000000000004,10812706.0,600460,士兰微
2024-04-15,18.520000000000003,18.980000000000004,18.300000000000004,18.570000000000004,16268166.0,600460,士兰微
2024-04-16,18.450000000000003,18.500000000000004,17.950000000000003,18.000000000000004,12938104.0,600460,士兰微
2024-04-17,18.28,18.830000000000002,18.240000000000002,18.820000000000004,13413929.0,600460,士兰微
2024-04-18,18.69,19.060000000000002,18.330000000000002,18.640000000000004,12938311.0,600460,士兰微
2024-04-19,18.53,18.570000000000004,18.060000000000002,18.1,10509202.0,600460,士兰微
2024-04-22,17.990000000000002,18.540000000000003,17.720000000000002,18.320000000000004,10303160.0,600460,士兰微
2024-04-23,18.320000000000004,18.730000000000004,18.240000000000002,18.37,9231934.0,600460,士兰微
2024-04-24,18.540000000000003,18.540000000000003,18.21,18.380000000000003,7786957.0,600460,士兰微
2024-04-25,18.28,18.740000000000002,18.110000000000003,18.340000000000003,9622453.0,600460,士兰微
2024-04-26,18.330000000000002,18.930000000000003,18.270000000000003,18.910000000000004,14710241.0,600460,士兰微
2024-04-29,18.930000000000003,19.650000000000002,18.930000000000003,19.450000000000003,14313707.0,600460,士兰微
2024-04-30,19.450000000000003,19.500000000000004,18.910000000000004,19.060000000000002,12396887.0,600460,士兰微
2024-05-06,19.37,19.880000000000003,19.37,19.680000000000003,14473084.0,600460,士兰微
2024-05-07,19.69,19.820000000000004,19.540000000000003,19.67,11086549.0,600460,士兰微
2024-05-08,19.680000000000003,19.730000000000004,19.200000000000003,19.330000000000002,8734142.0,600460,士兰微
2024-05-09,19.330000000000002,19.85,19.28,19.810000000000002,12855183.0,600460,士兰微
2024-05-10,20.000000000000004,20.480000000000004,19.500000000000004,19.540000000000003,15946542.0,600460,士兰微
2024-05-13,19.160000000000004,19.520000000000003,19.03,19.110000000000003,11368342.0,600460,士兰微
2024-05-14,19.150000000000002,19.44,18.890000000000004,18.92,10702796.0,600460,士兰微
2024-05-15,18.890000000000004,19.040000000000003,18.46,18.51,10487386.0,600460,士兰微
2024-05-16,18.580000000000002,18.740000000000002,18.360000000000003,18.410000000000004,9354677.0,600460,士兰微
2024-05-17,18.46,18.62,18.240000000000002,18.610000000000003,8866227.0,600460,士兰微
2024-05-20,18.610000000000003,18.810000000000002,18.17,18.300000000000004,17076134.0,600460,士兰微
2024-05-21,18.220000000000002,18.26,17.96,18.040000000000003,10100601.0,600460,士兰微
2024-05-22,18.480000000000004,18.630000000000003,18.01,18.610000000000003,23470266.0,600460,士兰微
2024-05-23,18.550000000000004,18.550000000000004,17.980000000000004,18.080000000000002,16475122.0,600460,士兰微
2024-05-24,18.000000000000004,18.220000000000002,17.560000000000002,17.580000000000002,15701517.0,600460,士兰微
2024-05-27,17.610000000000003,18.380000000000003,17.250000000000004,18.26,22371881.0,600460,士兰微
2024-05-28,18.270000000000003,19.03,18.180000000000003,18.360000000000003,31739652.0,600460,士兰微
2024-05-29,18.450000000000003,18.76,18.35,18.500000000000004,16306588.0,600460,士兰微
2024-05-30,18.400000000000002,19.03,18.21,18.890000000000004,24131300.0,600460,士兰微
2024-05-31,18.890000000000004,18.96,18.610000000000003,18.67,16737907.0,600460,士兰微
2024-06-03,18.67,18.730000000000004,17.540000000000003,17.71,53846748.0,600460,士兰微
2024-06-04,17.71,17.71,17.140000000000004,17.630000000000003,25580529.0,600460,士兰微
2024-06-05,17.560000000000002,18.330000000000002,17.470000000000002,17.950000000000003,32157560.0,600460,士兰微
2024-06-06,18.17,18.480000000000004,17.490000000000002,17.610000000000003,28130778.0,600460,士兰微
2024-06-07,17.78,17.980000000000004,17.26,17.380000000000003,20038851.0,600460,士兰微
2024-06-11,17.380000000000003,18.400000000000002,17.220000000000002,18.400000000000002,39604011.0,600460,士兰微
2024-06-12,18.340000000000003,18.490000000000002,18.060000000000002,18.200000000000003,25398442.0,600460,士兰微
2024-06-13,18.290000000000003,18.78,18.26,18.390000000000004,29257821.0,600460,士兰微
2024-06-14,18.390000000000004,18.500000000000004,18.180000000000003,18.180000000000003,30754628.0,600460,士兰微
2024-06-17,18.000000000000004,19.26,17.96,19.110000000000003,46856029.0,600460,士兰微
2024-06-18,19.12,19.200000000000003,18.840000000000003,19.040000000000003,28882510.0,600460,士兰微
2024-06-19,19.12,19.180000000000003,18.500000000000004,18.76,27423004.0,600460,士兰微
2024-06-20,18.630000000000003,19.150000000000002,18.560000000000002,18.630000000000003,33974353.0,600460,士兰微
2024-06-21,18.42,18.430000000000003,17.96,18.380000000000003,23236699.0,600460,士兰微
2024-06-24,18.220000000000002,18.94,17.930000000000003,17.96,32554945.0,600460,士兰微
2024-06-25,17.910000000000004,18.12,17.060000000000002,17.220000000000002,30853995.0,600460,士兰微
2024-06-26,17.28,17.67,16.790000000000003,17.570000000000004,23343282.0,600460,士兰微
2024-06-27,17.380000000000003,18.060000000000002,17.28,17.51,27350098.0,600460,士兰微
2024-06-28,17.410000000000004,17.830000000000002,17.240000000000002,17.390000000000004,24107899.0,600460,士兰微
2024-07-01,17.28,17.310000000000002,16.290000000000003,16.890000000000004,27777872.0,600460,士兰微
2024-07-02,16.78,16.92,16.46,16.520000000000003,17634700.0,600460,士兰微
2024-07-03,16.580000000000002,18.180000000000003,16.200000000000003,17.76,57333144.0,600460,士兰微
2024-07-04,17.76,17.770000000000003,17.180000000000003,17.21,36502172.0,600460,士兰微
2024-07-05,17.380000000000003,17.51,16.78,17.230000000000004,28654155.0,600460,士兰微
2024-07-08,17.130000000000003,17.450000000000003,16.78,16.800000000000004,26986479.0,600460,士兰微
2024-07-09,16.820000000000004,18.080000000000002,16.800000000000004,18.03,51599429.0,600460,士兰微
2024-07-10,18.040000000000003,18.180000000000003,17.830000000000002,17.980000000000004,25179201.0,600460,士兰微
2024-07-11,18.070000000000004,18.230000000000004,17.720000000000002,18.040000000000003,35133310.0,600460,士兰微
2024-07-12,17.880000000000003,18.090000000000003,17.730000000000004,18.020000000000003,20089684.0,600460,士兰微
2024-07-15,17.980000000000004,18.220000000000002,17.67,17.740000000000002,21559768.0,600460,士兰微
2024-07-16,17.53,18.17,17.51,18.150000000000002,25856687.0,600460,士兰微
2024-07-17,18.090000000000003,18.78,18.060000000000002,18.19,38363169.0,600460,士兰微
2024-07-18,17.880000000000003,18.21,17.430000000000003,18.180000000000003,32758612.0,600460,士兰微
2024-07-19,18.020000000000003,20.01,17.96,20.01,72228641.0,600460,士兰微
2024-07-22,20.450000000000003,21.750000000000004,20.240000000000002,21.310000000000002,131193324.0,600460,士兰微
2024-07-23,20.990000000000002,21.560000000000002,20.340000000000003,20.42,81837337.0,600460,士兰微
2024-07-24,20.21,21.300000000000004,20.060000000000002,20.310000000000002,79048209.0,600460,士兰微
2024-07-25,19.910000000000004,20.46,19.550000000000004,20.1,53145184.0,600460,士兰微
2024-07-26,20.01,20.37,19.730000000000004,20.230000000000004,44609638.0,600460,士兰微
2024-07-29,20.220000000000002,20.92,20.080000000000002,20.51,53441338.0,600460,士兰微
2024-07-30,20.220000000000002,22.130000000000003,19.62,21.62,85490539.0,600460,士兰微
2024-07-31,21.19,22.110000000000003,20.94,21.430000000000003,93874399.0,600460,士兰微
2024-08-01,21.28,23.590000000000003,21.21,23.140000000000004,125731193.0,600460,士兰微
2024-08-02,22.730000000000004,24.03,22.640000000000004,23.130000000000003,124783869.0,600460,士兰微
2024-08-05,22.580000000000002,23.78,22.21,22.26,103900644.0,600460,士兰微
2024-08-06,22.680000000000003,22.880000000000003,20.680000000000003,21.160000000000004,96275216.0,600460,士兰微
2024-08-07,21.1,21.42,20.790000000000003,20.800000000000004,56439048.0,600460,士兰微
2024-08-08,20.410000000000004,21.400000000000002,19.990000000000002,20.76,69332461.0,600460,士兰微
2024-08-09,21.130000000000003,21.320000000000004,20.750000000000004,20.76,53504791.0,600460,士兰微
2024-08-12,20.390000000000004,20.730000000000004,19.96,20.1,46114630.0,600460,士兰微
2024-08-13,20.1,20.500000000000004,19.880000000000003,20.290000000000003,35768550.0,600460,士兰微
2024-08-14,20.270000000000003,20.700000000000003,20.090000000000003,20.290000000000003,43564730.0,600460,士兰微
2024-08-15,20.000000000000004,20.6,19.94,20.290000000000003,38492244.0,600460,士兰微
2024-08-16,20.380000000000003,20.500000000000004,19.380000000000003,19.46,50440130.0,600460,士兰微
2024-08-19,19.17,20.28,19.080000000000002,19.78,41940999.0,600460,士兰微
2024-08-20,19.78,19.930000000000003,19.380000000000003,19.480000000000004,23828830.0,600460,士兰微
2024-08-21,19.400000000000002,19.53,18.85,18.94,34181044.0,600460,士兰微
2024-08-22,18.880000000000003,18.930000000000003,18.240000000000002,18.330000000000002,32925223.0,600460,士兰微
2024-08-23,18.290000000000003,18.380000000000003,18.040000000000003,18.060000000000002,21235599.0,600460,士兰微
2024-08-26,18.090000000000003,18.340000000000003,17.96,18.130000000000003,19126196.0,600460,士兰微
2024-08-27,18.060000000000002,18.12,17.730000000000004,17.740000000000002,17836261.0,600460,士兰微
2024-08-28,17.750000000000004,17.880000000000003,17.580000000000002,17.810000000000002,15655844.0,600460,士兰微
2024-08-29,17.700000000000003,18.430000000000003,17.660000000000004,18.340000000000003,26533392.0,600460,士兰微
2024-08-30,18.28,19.060000000000002,18.230000000000004,18.800000000000004,34516919.0,600460,士兰微
2024-09-02,18.680000000000003,18.900000000000002,18.01,18.060000000000002,25140800.0,600460,士兰微
2024-09-03,18.060000000000002,18.380000000000003,17.990000000000002,18.150000000000002,15644781.0,600460,士兰微
2024-09-04,17.92,18.28,17.860000000000003,18.070000000000004,13399082.0,600460,士兰微
2024-09-05,18.070000000000004,18.470000000000002,18.070000000000004,18.310000000000002,16355000.0,600460,士兰微
2024-09-06,18.26,18.800000000000004,18.110000000000003,18.320000000000004,24568639.0,600460,士兰微
2024-09-09,18.21,18.900000000000002,18.180000000000003,18.51,24258337.0,600460,士兰微
2024-09-10,18.470000000000002,18.500000000000004,17.900000000000002,18.28,22041236.0,600460,士兰微
2024-09-11,18.200000000000003,18.270000000000003,17.980000000000004,18.070000000000004,13326538.0,600460,士兰微
2024-09-12,18.180000000000003,18.330000000000002,17.740000000000002,17.76,18826927.0,600460,士兰微
2024-09-13,17.660000000000004,17.820000000000004,17.320000000000004,17.330000000000002,20296408.0,600460,士兰微
2024-09-18,17.330000000000002,17.470000000000002,17.070000000000004,17.37,12515732.0,600460,士兰微
2024-09-19,17.520000000000003,18.130000000000003,17.44,17.94,23586156.0,600460,士兰微
2024-09-20,17.950000000000003,18.01,17.560000000000002,17.880000000000003,16967300.0,600460,士兰微
2024-09-23,17.750000000000004,17.94,17.570000000000004,17.6,14726100.0,600460,士兰微
2024-09-24,17.750000000000004,18.340000000000003,17.490000000000002,18.330000000000002,31247975.0,600460,士兰微
2024-09-25,18.580000000000002,18.980000000000004,18.380000000000003,18.390000000000004,36375317.0,600460,士兰微
2024-09-26,18.340000000000003,19.320000000000004,18.300000000000004,19.320000000000004,39650289.0,600460,士兰微
2024-09-27,19.740000000000002,20.480000000000004,19.53,20.44,46757135.0,600460,士兰微
2024-09-30,21.570000000000004,22.500000000000004,21.080000000000002,22.500000000000004,111758597.0,600460,士兰微
2024-10-08,24.76,24.76,24.76,24.76,20544649.0,600460,士兰微
2024-10-09,27.230000000000004,27.250000000000004,25.26,27.250000000000004,198666457.0,600460,士兰微
2024-10-10,28.660000000000004,28.750000000000004,25.180000000000003,26.270000000000003,213800696.0,600460,士兰微
2024-10-11,24.76,25.580000000000002,23.740000000000002,24.080000000000002,129576810.0,600460,士兰微
2024-10-14,23.800000000000004,25.180000000000003,23.42,24.970000000000002,108149518.0,600460,士兰微
2024-10-15,24.970000000000002,26.140000000000004,24.380000000000003,24.880000000000003,114928571.0,600460,士兰微
2024-10-16,23.980000000000004,24.950000000000003,23.890000000000004,24.380000000000003,67937673.0,600460,士兰微
2024-10-17,24.880000000000003,25.090000000000003,24.150000000000002,24.200000000000003,69018472.0,600460,士兰微
2024-10-18,24.180000000000003,26.630000000000003,24.130000000000003,26.380000000000003,164123961.0,600460,士兰微
2024-10-21,26.930000000000003,28.380000000000003,26.540000000000003,26.590000000000003,189769151.0,600460,士兰微
2024-10-22,26.090000000000003,29.26,25.980000000000004,29.26,209276111.0,600460,士兰微
2024-10-23,29.12,29.12,27.680000000000003,28.140000000000004,184814816.0,600460,士兰微
2024-10-24,27.580000000000002,29.610000000000003,27.580000000000002,28.560000000000002,146640139.0,600460,士兰微
2024-10-25,28.560000000000002,29.520000000000003,27.980000000000004,28.640000000000004,122833237.0,600460,士兰微
2024-10-28,28.640000000000004,28.640000000000004,27.790000000000003,28.270000000000003,90435968.0,600460,士兰微
2024-10-29,28.140000000000004,31.080000000000002,27.820000000000004,29.290000000000003,154121936.0,600460,士兰微
2024-10-30,28.78,30.270000000000003,28.580000000000002,29.410000000000004,107984999.0,600460,士兰微
2024-10-31,29.42,31.640000000000004,28.640000000000004,30.950000000000003,167591670.0,600460,士兰微
2024-11-01,30.67,30.78,27.840000000000003,27.85,143119241.0,600460,士兰微
2024-11-04,27.400000000000002,28.880000000000003,27.390000000000004,28.390000000000004,67575167.0,600460,士兰微
2024-11-05,28.37,29.590000000000003,28.200000000000003,29.51,85227028.0,600460,士兰微
2024-11-06,29.6,30.380000000000003,28.94,29.67,104724628.0,600460,士兰微
2024-11-07,29.67,30.01,28.900000000000002,29.78,82369500.0,600460,士兰微
2024-11-08,30.19,31.880000000000003,29.78,30.270000000000003,124786411.0,600460,士兰微
2024-11-11,30.880000000000003,32.510000000000005,30.380000000000003,31.96,131187745.0,600460,士兰微
2024-11-12,31.980000000000004,34.57,31.230000000000004,33.18,154841559.0,600460,士兰微
2024-11-13,33.190000000000005,33.64,31.660000000000004,32.910000000000004,106012971.0,600460,士兰微
2024-11-14,32.39,32.580000000000005,30.980000000000004,31.060000000000002,84952629.0,600460,士兰微
2024-11-15,30.890000000000004,31.340000000000003,29.660000000000004,29.660000000000004,79997583.0,600460,士兰微
2024-11-18,29.540000000000003,29.860000000000003,27.950000000000003,28.21,76394688.0,600460,士兰微
2024-11-19,28.21,29.300000000000004,27.900000000000002,29.200000000000003,64473875.0,600460,士兰微
2024-11-20,28.990000000000002,29.480000000000004,28.790000000000003,29.220000000000002,48743175.0,600460,士兰微
2024-11-21,29.140000000000004,29.37,28.71,29.01,43356995.0,600460,士兰微
2024-11-22,29.03,29.62,27.6,27.660000000000004,58208639.0,600460,士兰微
2024-11-25,27.540000000000003,27.78,26.380000000000003,27.17,57905035.0,600460,士兰微
2024-11-26,26.880000000000003,27.330000000000002,26.640000000000004,26.67,32810486.0,600460,士兰微
2024-11-27,26.560000000000002,27.340000000000003,25.800000000000004,27.330000000000002,51846475.0,600460,士兰微
2024-11-28,27.35,27.750000000000004,26.94,27.060000000000002,45841894.0,600460,士兰微
2024-11-29,26.880000000000003,28.1,26.76,27.560000000000002,48925126.0,600460,士兰微
2024-12-02,27.580000000000002,28.180000000000003,27.410000000000004,28.000000000000004,42128413.0,600460,士兰微
2024-12-03,28.040000000000003,28.320000000000004,27.380000000000003,27.640000000000004,39373864.0,600460,士兰微
2024-12-04,28.330000000000002,29.380000000000003,28.03,28.140000000000004,72280650.0,600460,士兰微
2024-12-05,27.87,28.42,27.770000000000003,28.040000000000003,36058268.0,600460,士兰微
2024-12-06,28.040000000000003,28.44,27.6,28.17,41381140.0,600460,士兰微
2024-12-09,27.990000000000002,28.12,27.490000000000002,27.67,28923197.0,600460,士兰微
2024-12-10,28.680000000000003,28.830000000000002,27.67,27.680000000000003,41974617.0,600460,士兰微
2024-12-11,27.650000000000002,28.240000000000002,27.550000000000004,27.92,35019821.0,600460,士兰微
2024-12-12,27.96,27.980000000000004,27.390000000000004,27.810000000000002,35109072.0,600460,士兰微
2024-12-13,27.580000000000002,28.560000000000002,27.44,28.000000000000004,60008800.0,600460,士兰微
2024-12-16,27.900000000000002,28.160000000000004,27.12,27.240000000000002,36231066.0,600460,士兰微
2024-12-17,27.090000000000003,27.340000000000003,26.910000000000004,27.060000000000002,22836781.0,600460,士兰微
2024-12-18,27.160000000000004,27.680000000000003,26.910000000000004,27.480000000000004,32060363.0,600460,士兰微
2024-12-19,27.03,28.090000000000003,26.970000000000002,28.000000000000004,39958259.0,600460,士兰微
2024-12-20,28.03,29.51,27.890000000000004,28.840000000000003,78424238.0,600460,士兰微
2024-12-23,28.880000000000003,28.910000000000004,27.860000000000003,27.970000000000002,47103347.0,600460,士兰微
2024-12-24,28.130000000000003,28.390000000000004,27.44,28.380000000000003,40713437.0,600460,士兰微
2024-12-25,28.37,28.62,27.890000000000004,27.990000000000002,29286289.0,600460,士兰微
2024-12-26,27.990000000000002,28.500000000000004,27.800000000000004,28.400000000000002,34725255.0,600460,士兰微
2024-12-27,28.380000000000003,28.67,27.950000000000003,28.040000000000003,39976538.0,600460,士兰微
2024-12-30,27.78,27.87,27.230000000000004,27.240000000000002,39920628.0,600460,士兰微
2024-12-31,27.230000000000004,27.380000000000003,25.890000000000004,25.900000000000002,42027529.0,600460,士兰微
2025-01-02,25.69,25.730000000000004,24.240000000000002,24.580000000000002,45593799.0,600460,士兰微
2025-01-03,24.570000000000004,24.740000000000002,23.790000000000003,23.880000000000003,33130635.0,600460,士兰微
2025-01-06,23.880000000000003,24.21,23.680000000000003,23.970000000000002,23451927.0,600460,士兰微
2025-01-07,23.980000000000004,24.840000000000003,23.980000000000004,24.830000000000002,31753261.0,600460,士兰微
2025-01-08,24.490000000000002,24.87,23.880000000000003,24.560000000000002,29628387.0,600460,士兰微
2025-01-09,24.53,24.92,24.390000000000004,24.550000000000004,27389207.0,600460,士兰微
2025-01-10,24.330000000000002,25.020000000000003,24.1,24.1,28400620.0,600460,士兰微
2025-01-13,23.730000000000004,24.51,23.570000000000004,24.26,21517473.0,600460,士兰微
2025-01-14,24.500000000000004,25.290000000000003,24.19,25.290000000000003,37034571.0,600460,士兰微
2025-01-15,25.28,25.380000000000003,24.96,25.090000000000003,23289659.0,600460,士兰微
2025-01-16,25.19,25.580000000000002,24.71,25.000000000000004,24464900.0,600460,士兰微
2025-01-17,24.980000000000004,25.730000000000004,24.830000000000002,25.320000000000004,29356185.0,600460,士兰微
2025-01-20,25.480000000000004,25.62,25.19,25.310000000000002,21041329.0,600460,士兰微
2025-01-21,25.380000000000003,25.560000000000002,25.03,25.320000000000004,22075142.0,600460,士兰微
2025-01-22,25.180000000000003,25.430000000000003,25.000000000000004,25.140000000000004,17078043.0,600460,士兰微
2025-01-23,25.87,26.680000000000003,25.570000000000004,25.630000000000003,52298693.0,600460,士兰微
2025-01-24,25.400000000000002,25.810000000000002,25.400000000000002,25.730000000000004,27878164.0,600460,士兰微
2025-01-27,25.810000000000002,25.930000000000003,24.85,24.950000000000003,24829740.0,600460,士兰微
2025-02-05,25.610000000000003,25.930000000000003,25.340000000000003,25.650000000000002,31976577.0,600460,士兰微
2025-02-06,25.630000000000003,26.330000000000002,25.44,26.330000000000002,36678080.0,600460,士兰微
2025-02-07,26.400000000000002,26.860000000000003,26.040000000000003,26.42,47061497.0,600460,士兰微
2025-02-10,26.470000000000002,26.770000000000003,26.400000000000002,26.69,32232071.0,600460,士兰微
2025-02-11,26.700000000000003,26.71,26.130000000000003,26.200000000000003,26816633.0,600460,士兰微
2025-02-12,26.19,27.200000000000003,25.990000000000002,27.160000000000004,62554653.0,600460,士兰微
2025-02-13,27.080000000000002,27.080000000000002,26.53,26.53,36217325.0,600460,士兰微
2025-02-14,26.400000000000002,26.720000000000002,26.140000000000004,26.67,29257015.0,600460,士兰微
2025-02-17,26.680000000000003,26.85,26.340000000000003,26.53,31688798.0,600460,士兰微
2025-02-18,26.570000000000004,26.720000000000002,25.540000000000003,25.6,33943616.0,600460,士兰微
2025-02-19,25.6,26.590000000000003,25.6,26.580000000000002,41178248.0,600460,士兰微
2025-02-20,26.580000000000002,26.78,26.330000000000002,26.540000000000003,28568954.0,600460,士兰微
2025-02-21,26.540000000000003,27.160000000000004,26.37,26.980000000000004,50353058.0,600460,士兰微
2025-02-24,26.990000000000002,27.53,26.800000000000004,27.020000000000003,45596481.0,600460,士兰微
2025-02-25,26.630000000000003,27.290000000000003,26.540000000000003,26.900000000000002,34465106.0,600460,士兰微
2025-02-26,26.96,27.03,26.550000000000004,26.96,30520142.0,600460,士兰微
2025-02-27,26.990000000000002,27.310000000000002,26.19,26.740000000000002,39939635.0,600460,士兰微
2025-02-28,26.390000000000004,26.560000000000002,25.360000000000003,25.390000000000004,37953457.0,600460,士兰微
2025-03-03,25.570000000000004,25.930000000000003,25.19,25.480000000000004,24464541.0,600460,士兰微
2025-03-04,25.090000000000003,26.800000000000004,25.090000000000003,26.340000000000003,41407704.0,600460,士兰微
2025-03-05,26.610000000000003,26.800000000000004,25.890000000000004,26.12,29195657.0,600460,士兰微
2025-03-06,26.300000000000004,26.680000000000003,26.140000000000004,26.550000000000004,33464761.0,600460,士兰微
2025-03-07,26.550000000000004,26.550000000000004,25.790000000000003,25.900000000000002,30151458.0,600460,士兰微
2025-03-10,25.900000000000002,26.000000000000004,25.430000000000003,25.640000000000004,21605124.0,600460,士兰微
2025-03-11,25.380000000000003,25.96,25.290000000000003,25.610000000000003,21147477.0,600460,士兰微
2025-03-12,25.680000000000003,26.130000000000003,25.680000000000003,25.830000000000002,25799048.0,600460,士兰微
2025-03-13,25.730000000000004,25.840000000000003,24.980000000000004,25.140000000000004,28431660.0,600460,士兰微
2025-03-14,25.160000000000004,25.570000000000004,25.040000000000003,25.550000000000004,22779049.0,600460,士兰微
2025-03-17,25.6,25.700000000000003,25.380000000000003,25.53,15963188.0,600460,士兰微
2025-03-18,25.650000000000002,25.980000000000004,25.560000000000002,25.680000000000003,19859800.0,600460,士兰微
2025-03-19,25.580000000000002,25.69,25.240000000000002,25.300000000000004,17233416.0,600460,士兰微
2025-03-20,25.300000000000004,25.410000000000004,25.090000000000003,25.1,14947400.0,600460,士兰微
2025-03-21,25.03,25.080000000000002,24.430000000000003,24.53,21361907.0,600460,士兰微
2025-03-24,24.53,24.610000000000003,23.92,24.51,16918775.0,600460,士兰微
2025-03-25,24.430000000000003,24.660000000000004,24.26,24.380000000000003,13161852.0,600460,士兰微
2025-03-26,24.330000000000002,24.520000000000003,24.290000000000003,24.320000000000004,10321368.0,600460,士兰微
2025-03-27,24.300000000000004,24.740000000000002,24.040000000000003,24.490000000000002,15829386.0,600460,士兰微
2025-03-28,24.490000000000002,24.660000000000004,24.250000000000004,24.270000000000003,11038666.0,600460,士兰微
2025-03-31,24.140000000000004,24.330000000000002,23.680000000000003,23.990000000000002,16280712.0,600460,士兰微
2025-04-01,24.040000000000003,24.180000000000003,23.94,23.990000000000002,11052924.0,600460,士兰微
2025-04-02,23.96,24.070000000000004,23.76,23.820000000000004,12532968.0,600460,士兰微
2025-04-03,23.640000000000004,24.000000000000004,23.560000000000002,23.770000000000003,13613105.0,600460,士兰微
2025-04-07,22.140000000000004,22.830000000000002,21.380000000000003,21.380000000000003,28160100.0,600460,士兰微
2025-04-08,21.380000000000003,21.810000000000002,20.890000000000004,21.390000000000004,33062822.0,600460,士兰微
2025-04-09,21.200000000000003,22.480000000000004,20.69,22.430000000000003,40742160.0,600460,士兰微
2025-04-10,22.990000000000002,23.080000000000002,22.500000000000004,22.650000000000002,29364329.0,600460,士兰微
2025-04-11,22.630000000000003,24.450000000000003,22.46,23.85,54645982.0,600460,士兰微
2025-04-14,24.430000000000003,24.44,23.800000000000004,24.050000000000004,35373283.0,600460,士兰微
2025-04-15,23.880000000000003,24.01,23.590000000000003,23.78,18383477.0,600460,士兰微
2025-04-16,23.770000000000003,24.28,23.480000000000004,24.17,31951946.0,600460,士兰微
2025-04-17,23.980000000000004,24.42,23.92,24.200000000000003,25156000.0,600460,士兰微
2025-04-18,23.980000000000004,24.070000000000004,23.730000000000004,23.950000000000003,15564000.0,600460,士兰微
2025-04-21,24.060000000000002,24.380000000000003,24.050000000000004,24.220000000000002,18451789.0,600460,士兰微
2025-04-22,24.240000000000002,24.96,24.17,24.71,34895304.0,600460,士兰微
2025-04-23,24.520000000000003,25.330000000000002,24.360000000000003,24.830000000000002,31540406.0,600460,士兰微
2025-04-24,24.680000000000003,24.71,24.230000000000004,24.28,19076496.0,600460,士兰微
2025-04-25,24.28,24.44,24.080000000000002,24.270000000000003,14656839.0,600460,士兰微
2025-04-28,24.17,24.250000000000004,23.96,24.040000000000003,11887422.0,600460,士兰微
2025-04-29,23.96,24.310000000000002,23.890000000000004,24.28,13597586.0,600460,士兰微
2025-04-30,24.76,25.330000000000002,24.680000000000003,24.900000000000002,29788039.0,600460,士兰微
2025-05-06,25.110000000000003,25.230000000000004,24.96,25.19,25306217.0,600460,士兰微
2025-05-07,25.53,25.570000000000004,24.830000000000002,25.03,23219306.0,600460,士兰微
2025-05-08,25.03,25.090000000000003,24.900000000000002,25.040000000000003,14924220.0,600460,士兰微
2025-05-09,24.950000000000003,24.950000000000003,24.490000000000002,24.69,14437131.0,600460,士兰微
2025-05-12,24.830000000000002,25.160000000000004,24.78,25.150000000000002,17638882.0,600460,士兰微
2025-05-13,25.360000000000003,25.42,24.890000000000004,24.930000000000003,15322458.0,600460,士兰微
2025-05-14,24.900000000000002,25.180000000000003,24.800000000000004,25.020000000000003,14392829.0,600460,士兰微
2025-05-15,25.03,25.060000000000002,24.46,24.470000000000002,13680300.0,600460,士兰微
2025-05-16,24.46,24.6,24.35,24.430000000000003,9907700.0,600460,士兰微
2025-05-19,24.46,24.51,24.200000000000003,24.400000000000002,9567499.0,600460,士兰微
2025-05-20,24.360000000000003,24.500000000000004,24.250000000000004,24.390000000000004,9711576.0,600460,士兰微
2025-05-21,24.380000000000003,24.450000000000003,24.26,24.390000000000004,10578681.0,600460,士兰微
2025-05-22,24.67,25.46,24.580000000000002,24.87,39406962.0,600460,士兰微
2025-05-23,24.680000000000003,25.060000000000002,24.28,24.28,22435053.0,600460,士兰微
2025-05-26,24.28,24.53,24.26,24.42,12730098.0,600460,士兰微
2025-05-27,24.42,24.42,23.890000000000004,23.900000000000002,13400082.0,600460,士兰微
2025-05-28,24.000000000000004,24.040000000000003,23.630000000000003,23.680000000000003,10962278.0,600460,士兰微
2025-05-29,23.730000000000004,24.160000000000004,23.730000000000004,24.150000000000002,13657703.0,600460,士兰微
2025-05-30,24.070000000000004,24.070000000000004,23.76,23.900000000000002,8441250.0,600460,士兰微
2025-06-03,23.680000000000003,23.96,23.630000000000003,23.76,8935022.0,600460,士兰微
2025-06-04,23.770000000000003,23.930000000000003,23.76,23.85,8416869.0,600460,士兰微
2025-06-05,23.900000000000002,24.270000000000003,23.730000000000004,24.250000000000004,14786157.0,600460,士兰微
2025-06-06,24.240000000000002,24.290000000000003,24.03,24.140000000000004,9478558.0,600460,士兰微
2025-06-09,24.140000000000004,24.380000000000003,24.12,24.320000000000004,10923313.0,600460,士兰微
2025-06-10,24.380000000000003,24.400000000000002,23.660000000000004,23.800000000000004,13813945.0,600460,士兰微
2025-06-11,23.78,24.12,23.78,24.03,10404438.0,600460,士兰微
2025-06-12,23.910000000000004,24.03,23.69,23.69,12308396.0,600460,士兰微
2025-06-13,23.630000000000003,23.770000000000003,23.360000000000003,23.540000000000003,14919102.0,600460,士兰微
2025-06-16,23.380000000000003,23.740000000000002,23.360000000000003,23.680000000000003,13277273.0,600460,士兰微
2025-06-17,23.69,23.810000000000002,23.590000000000003,23.730000000000004,8766522.0,600460,士兰微
2025-06-18,23.610000000000003,23.92,23.610000000000003,23.87,10424100.0,600460,士兰微
2025-06-19,23.78,24.140000000000004,23.680000000000003,23.76,14365845.0,600460,士兰微
2025-06-20,23.610000000000003,24.03,23.480000000000004,23.480000000000004,9650498.0,600460,士兰微
2025-06-23,23.250000000000004,23.970000000000002,23.230000000000004,23.910000000000004,15793015.0,600460,士兰微
2025-06-24,23.96,24.35,23.910000000000004,24.330000000000002,18739713.0,600460,士兰微
2025-06-25,24.340000000000003,24.76,24.200000000000003,24.720000000000002,26308292.0,600460,士兰微
2025-06-26,24.740000000000002,24.860000000000003,24.480000000000004,24.51,17996301.0,600460,士兰微
2025-06-27,24.62,24.830000000000002,24.450000000000003,24.62,16823750.0,600460,士兰微
2025-06-30,24.75,24.96,24.67,24.740000000000002,14895162.0,600460,士兰微
2025-07-01,24.610000000000003,25.200000000000003,24.560000000000002,24.880000000000003,23394880.0,600460,士兰微
2025-07-02,24.720000000000002,24.85,24.53,24.610000000000003,13863468.0,600460,士兰微
2025-07-03,24.6,24.78,24.540000000000003,24.630000000000003,10214567.0,600460,士兰微
2025-07-04,24.64,24.8,24.310000000000002,24.430000000000003,14454000.0,600460,士兰微
2025-07-07,24.42,24.490000000000002,24.25,24.290000000000003,8871850.0,600460,士兰微
2025-07-08,24.32,24.78,24.26,24.76,16261100.0,600460,士兰微
2025-07-09,24.76,24.82,24.630000000000003,24.680000000000003,12443303.0,600460,士兰微
2025-07-10,24.610000000000003,24.91,24.590000000000003,24.85,13175289.0,600460,士兰微
2025-07-11,24.900000000000002,25.060000000000002,24.520000000000003,24.94,22231799.0,600460,士兰微
2025-07-14,24.96,24.970000000000002,24.73,24.810000000000002,14253733.0,600460,士兰微
2025-07-15,25.01,25.680000000000003,24.96,25.220000000000002,51707295.0,600460,士兰微
2025-07-16,25.240000000000002,25.840000000000003,25.090000000000003,25.14,34384057.0,600460,士兰微
2025-07-17,25.03,25.42,24.82,25.42,28879563.0,600460,士兰微
2025-07-18,25.450000000000003,25.610000000000003,25.240000000000002,25.360000000000003,22129842.0,600460,士兰微
2025-07-21,25.44,25.580000000000002,25.28,25.490000000000002,25854018.0,600460,士兰微
2025-07-22,25.42,25.46,25.14,25.25,26018685.0,600460,士兰微
2025-07-23,25.21,25.700000000000003,25.16,25.290000000000003,32545280.0,600460,士兰微
2025-07-24,25.360000000000003,25.720000000000002,25.25,25.650000000000002,37410289.0,600460,士兰微
2025-07-25,25.71,26.290000000000003,25.700000000000003,26.19,50067655.0,600460,士兰微
2025-07-28,26.520000000000003,26.520000000000003,26.07,26.220000000000002,42553943.0,600460,士兰微
2025-07-29,26.12,26.400000000000002,26.05,26.310000000000002,32844412.0,600460,士兰微
2025-07-30,26.3,26.32,25.62,25.87,37048694.0,600460,士兰微
2025-07-31,25.810000000000002,26.07,25.400000000000002,25.51,32827624.0,600460,士兰微
2025-08-01,25.42,26.770000000000003,25.340000000000003,26.020000000000003,59052276.0,600460,士兰微
2025-08-04,25.610000000000003,26.110000000000003,25.610000000000003,26.01,30419169.0,600460,士兰微
2025-08-05,26.01,26.05,25.78,25.87,24848085.0,600460,士兰微
2025-08-06,25.880000000000003,26.310000000000002,25.720000000000002,26.220000000000002,34287239.0,600460,士兰微
2025-08-07,26.35,27.92,26.23,27.64,124508240.0,600460,士兰微
2025-08-08,27.19,27.28,26.69,26.85,65297056.0,600460,士兰微
2025-08-11,26.770000000000003,27.1,26.720000000000002,26.96,46256011.0,600460,士兰微
2025-08-12,26.94,27.37,26.610000000000003,27.110000000000003,60062393.0,600460,士兰微
2025-08-13,27.150000000000002,27.35,26.89,27.080000000000002,45702271.0,600460,士兰微
2025-08-14,27.090000000000003,27.790000000000003,26.790000000000003,26.790000000000003,67190084.0,600460,士兰微
2025-08-15,26.66,27.470000000000002,26.630000000000003,27.400000000000002,53356129.0,600460,士兰微
2025-08-18,27.67,28.01,27.39,27.66,70244406.0,600460,士兰微
2025-08-19,27.66,27.970000000000002,27.44,27.48,44964356.0,600460,士兰微
2025-08-20,27.39,28.17,27.200000000000003,28.17,62457215.0,600460,士兰微
2025-08-21,28.37,28.680000000000003,27.8,27.96,62426671.0,600460,士兰微
2025-08-22,27.970000000000002,29.41,27.970000000000002,29.3,102050745.0,600460,士兰微
2025-08-25,30.270000000000003,31.92,29.860000000000003,30.21,149618422.0,600460,士兰微
2025-08-26,30.020000000000003,33.24,29.720000000000002,32.21,195925244.0,600460,士兰微
2025-08-27,32.08,33.660000000000004,31.520000000000003,31.610000000000003,172560072.0,600460,士兰微
2025-08-28,31.520000000000003,33.22,31.290000000000003,33.120000000000005,137642118.0,600460,士兰微
2025-08-29,32.93,32.940000000000005,32.03,32.39,92088817.0,600460,士兰微
2025-09-01,32.72,33.28,31.51,31.75,93097343.0,600460,士兰微
2025-09-02,31.430000000000003,31.630000000000003,29.930000000000003,30.200000000000003,90798149.0,600460,士兰微
2025-09-03,30.23,30.900000000000002,29.51,29.8,67094905.0,600460,士兰微
2025-09-04,29.770000000000003,30.12,27.860000000000003,28.39,82675086.0,600460,士兰微
2025-09-05,28.470000000000002,29.39,28.23,29.310000000000002,56531750.0,600460,士兰微
2025-09-08,29.310000000000002,29.89,29.12,29.75,48239321.0,600460,士兰微
2025-09-09,29.48,29.48,28.75,28.76,44860443.0,600460,士兰微
2025-09-10,28.770000000000003,29.240000000000002,28.64,28.840000000000003,31377569.0,600460,士兰微
2025-09-11,28.75,29.87,28.6,29.720000000000002,58071448.0,600460,士兰微
2025-09-12,29.75,30.41,29.630000000000003,29.900000000000002,67846925.0,600460,士兰微
2025-09-15,31.92,31.990000000000002,30.270000000000003,30.290000000000003,95023800.0,600460,士兰微
2025-09-16,30.07,30.540000000000003,29.860000000000003,30.28,54206205.0,600460,士兰微
2025-09-17,30.220000000000002,30.470000000000002,29.73,30.1,48538588.0,600460,士兰微
2025-09-18,30.1,31.12,29.67,30.270000000000003,95228274.0,600460,士兰微
2025-09-19,30.23,30.740000000000002,30.040000000000003,30.360000000000003,55391675.0,600460,士兰微
2025-09-22,30.32,30.85,29.82,30.720000000000002,57260718.0,600460,士兰微
2025-09-23,30.57,30.66,29.26,30.12,63842816.0,600460,士兰微
2025-09-24,29.87,31.490000000000002,29.73,31.380000000000003,104805401.0,600460,士兰微
2025-09-25,31.220000000000002,31.8,30.89,31.46,84659479.0,600460,士兰微
2025-09-26,31.14,32.07,31.12,31.150000000000002,72127068.0,600460,士兰微
2025-09-29,31.020000000000003,31.240000000000002,30.46,31.0,53087977.0,600460,士兰微
2025-09-30,31.07,31.590000000000003,31.040000000000003,31.360000000000003,55859925.0,600460,士兰微
2025-10-09,31.67,32.910000000000004,31.520000000000003,32.46,102423476.0,600460,士兰微
2025-10-10,32.02,32.33,30.91,31.020000000000003,73379725.0,600460,士兰微
2025-10-13,29.930000000000003,34.13,29.8,33.28,140624377.0,600460,士兰微
2025-10-14,33.32,33.4,31.830000000000002,32.42,109982999.0,600460,士兰微
2025-10-15,32.45,33.15,31.810000000000002,32.4,72726417.0,600460,士兰微
2025-10-16,32.08,32.910000000000004,31.37,31.55,64781043.0,600460,士兰微
2025-10-17,31.360000000000003,32.050000000000004,29.860000000000003,29.860000000000003,64012822.0,600460,士兰微
2025-10-20,32.85,32.85,32.09,32.45,218656726.0,600460,士兰微
2025-10-21,30.92,33.07,30.520000000000003,32.57,181758040.0,600460,士兰微
2025-10-22,32.04,32.7,30.78,31.110000000000003,120331310.0,600460,士兰微
2025-10-23,30.75,30.990000000000002,29.62,30.17,76120973.0,600460,士兰微
2025-10-24,30.42,31.090000000000003,30.32,31.040000000000003,72618950.0,600460,士兰微
2025-10-27,31.490000000000002,32.72,31.42,32.15,108691757.0,600460,士兰微
2025-10-28,31.92,32.84,31.92,32.190000000000005,74576489.0,600460,士兰微
2025-10-29,31.940000000000005,32.63,31.940000000000005,32.550000000000004,57620644.0,600460,士兰微
2025-10-30,32.550000000000004,33.120000000000005,32.18,32.690000000000005,80838946.0,600460,士兰微
2025-10-31,32.620000000000005,32.9,31.770000000000003,31.790000000000003,89897755.0,600460,士兰微
2025-11-03,31.770000000000003,31.770000000000003,30.380000000000003,31.16,64478645.0,600460,士兰微
2025-11-04,31.0,31.060000000000002,30.020000000000003,30.290000000000003,52046752.0,600460,士兰微
2025-11-05,29.720000000000002,30.080000000000002,29.23,29.830000000000002,49838792.0,600460,士兰微
2025-11-06,30.03,30.35,29.840000000000003,29.98,40395834.0,600460,士兰微
2025-11-07,29.680000000000003,29.840000000000003,29.330000000000002,29.51,36709968.0,600460,士兰微
2025-11-10,29.82,30.37,29.82,30.020000000000003,44036163.0,600460,士兰微
2025-11-11,30.1,30.220000000000002,29.3,29.32,37485762.0,600460,士兰微
2025-11-12,29.21,29.25,28.540000000000003,28.78,32625595.0,600460,士兰微
2025-11-13,28.75,29.470000000000002,28.590000000000003,29.400000000000002,34376902.0,600460,士兰微
2025-11-14,29.05,29.110000000000003,28.73,28.73,25600180.0,600460,士兰微
2025-11-17,28.69,28.87,28.240000000000002,28.340000000000003,25898382.0,600460,士兰微
2025-11-18,28.340000000000003,28.8,28.130000000000003,28.64,25616647.0,600460,士兰微
2025-11-19,28.5,28.610000000000003,27.85,27.94,25053274.0,600460,士兰微
2025-11-20,28.21,28.450000000000003,27.67,27.71,23589546.0,600460,士兰微
2025-11-21,27.35,27.6,26.92,27.01,31065052.0,600460,士兰微
2025-11-24,27.150000000000002,27.39,26.8,27.25,20713780.0,600460,士兰微
2025-11-25,27.42,27.830000000000002,27.32,27.46,21772042.0,600460,士兰微
2025-11-26,27.46,27.73,27.330000000000002,27.470000000000002,18147406.0,600460,士兰微
2025-11-27,27.520000000000003,28.16,27.520000000000003,27.740000000000002,24339121.0,600460,士兰微
2025-11-28,27.62,27.860000000000003,27.520000000000003,27.85,15817057.0,600460,士兰微
2025-12-01,27.900000000000002,28.5,27.76,28.450000000000003,27591773.0,600460,士兰微
2025-12-02,28.270000000000003,28.270000000000003,27.790000000000003,27.8,22656571.0,600460,士兰微
2025-12-03,27.78,28.1,27.650000000000002,27.89,18168958.0,600460,士兰微
2025-12-04,27.790000000000003,28.12,27.53,27.900000000000002,16828404.0,600460,士兰微
2025-12-05,27.900000000000002,28.05,27.540000000000003,28.03,17826605.0,600460,士兰微
2025-12-08,28.07,28.5,28.05,28.41,25673306.0,600460,士兰微
2025-12-09,28.360000000000003,28.880000000000003,28.19,28.57,31163102.0,600460,士兰微
2025-12-10,28.42,28.69,28.090000000000003,28.470000000000002,20143072.0,600460,士兰微
2025-12-11,28.48,28.560000000000002,27.8,27.8,20404694.0,600460,士兰微
2025-12-12,27.8,28.200000000000003,27.55,28.040000000000003,19683915.0,600460,士兰微
2025-12-15,27.76,27.89,27.330000000000002,27.380000000000003,18469285.0,600460,士兰微
2025-12-16,27.39,27.540000000000003,26.900000000000002,27.020000000000003,17741068.0,600460,士兰微
2025-12-17,27.150000000000002,27.650000000000002,27.150000000000002,27.590000000000003,18954572.0,600460,士兰微
2025-12-18,27.340000000000003,27.75,27.330000000000002,27.35,13762828.0,600460,士兰微
2025-12-19,27.55,27.720000000000002,27.400000000000002,27.590000000000003,14142507.0,600460,士兰微
2025-12-22,27.610000000000003,28.17,27.610000000000003,28.01,20247767.0,600460,士兰微
2025-12-23,27.930000000000003,28.110000000000003,27.82,27.930000000000003,17991069.0,600460,士兰微
2025-12-24,27.930000000000003,28.490000000000002,27.87,28.180000000000003,23381680.0,600460,士兰微
2025-12-25,28.220000000000002,28.37,28.090000000000003,28.23,19141230.0,600460,士兰微
2025-12-26,28.17,28.37,27.970000000000002,28.12,21194829.0,600460,士兰微
2025-12-29,28.040000000000003,28.310000000000002,27.8,27.900000000000002,21093715.0,600460,士兰微
2025-12-30,27.85,28.310000000000002,27.73,28.110000000000003,19181760.0,600460,士兰微
2025-12-31,28.130000000000003,28.39,27.94,28.330000000000002,23715181.0,600460,士兰微
2026-01-05,28.48,28.720000000000002,28.470000000000002,28.64,35364806.0,600460,士兰微
2026-01-06,28.720000000000002,29.330000000000002,28.62,29.21,50503575.0,600460,士兰微
2026-01-07,29.310000000000002,29.87,29.16,29.560000000000002,58080534.0,600460,士兰微
2026-01-08,29.520000000000003,29.73,29.21,29.400000000000002,36934984.0,600460,士兰微
2026-01-09,29.3,29.67,29.23,29.5,40856274.0,600460,士兰微
2026-01-12,29.51,29.78,29.37,29.740000000000002,47585633.0,600460,士兰微
2026-01-13,29.75,29.8,28.630000000000003,28.810000000000002,51039872.0,600460,士兰微
2026-01-14,28.720000000000002,29.35,28.540000000000003,28.85,47195364.0,600460,士兰微
2026-01-15,28.85,29.41,28.680000000000003,29.37,42051627.0,600460,士兰微
2026-01-16,29.520000000000003,30.78,29.520000000000003,30.590000000000003,103875697.0,600460,士兰微
2026-01-19,30.930000000000003,31.21,30.180000000000003,30.51,69127741.0,600460,士兰微
2026-01-20,30.32,30.92,30.17,30.430000000000003,50701420.0,600460,士兰微
2026-01-21,30.17,31.490000000000002,30.12,31.450000000000003,92115147.0,600460,士兰微
2026-01-22,31.92,32.02,30.630000000000003,31.07,75353880.0,600460,士兰微
2026-01-23,30.92,31.6,30.75,31.580000000000002,65211082.0,600460,士兰微
2026-01-26,31.520000000000003,31.520000000000003,30.450000000000003,30.6,54422367.0,600460,士兰微
2026-01-27,30.32,32.02,30.32,31.940000000000005,99876760.0,600460,士兰微
2026-01-28,31.8,34.28,31.740000000000002,33.92,164040322.0,600460,士兰微
2026-01-29,33.22,34.9,33.010000000000005,33.47,119824138.0,600460,士兰微
2026-01-30,33.36,33.77,32.11,33.31,81100920.0,600460,士兰微
2026-02-02,32.99,33.230000000000004,30.610000000000003,30.610000000000003,80785829.0,600460,士兰微
2026-02-03,31.32,31.5,30.67,30.92,58571570.0,600460,士兰微
2026-02-04,30.450000000000003,30.5,29.840000000000003,30.32,53574248.0,600460,士兰微
2026-02-05,29.78,31.700000000000003,29.12,31.040000000000003,89285855.0,600460,士兰微
2026-02-06,30.220000000000002,30.71,30.090000000000003,30.1,48902404.0,600460,士兰微
2026-02-09,30.540000000000003,32.190000000000005,29.98,31.55,80120479.0,600460,士兰微
2026-02-10,31.42,31.82,30.92,30.94,49460229.0,600460,士兰微
2026-02-11,30.78,31.03,30.46,30.48,34142725.0,600460,士兰微
2026-02-12,30.810000000000002,32.47,30.66,32.190000000000005,94521953.0,600460,士兰微
2026-02-13,31.96,32.32,31.630000000000003,31.680000000000003,50014218.0,600460,士兰微
2026-02-24,32.03,32.300000000000004,31.340000000000003,31.940000000000005,46146334.0,600460,士兰微
2026-02-25,31.950000000000003,32.59,31.610000000000003,32.410000000000004,56483940.0,600460,士兰微
2026-02-26,32.53,32.92,32.35,32.47,55115225.0,600460,士兰微
2026-02-27,32.02,32.14,31.520000000000003,32.11,41555821.0,600460,士兰微
2026-03-02,31.220000000000002,31.66,30.840000000000003,31.05,52917188.0,600460,士兰微
2026-03-03,31.3,31.55,28.6,28.650000000000002,79603499.0,600460,士兰微
2026-03-04,28.220000000000002,29.12,28.080000000000002,28.35,41874721.0,600460,士兰微
2026-03-05,29.020000000000003,29.46,28.650000000000002,28.85,40734461.0,600460,士兰微
2026-03-06,28.71,29.05,28.62,28.8,31604521.0,600460,士兰微
2026-03-09,28.07,28.6,27.580000000000002,28.44,40370874.0,600460,士兰微
2026-03-10,28.87,29.51,28.82,29.270000000000003,40369899.0,600460,士兰微
2026-03-11,29.21,29.42,29.0,29.07,29819417.0,600460,士兰微
2026-03-12,28.950000000000003,29.48,28.700000000000003,28.92,27804302.0,600460,士兰微
2026-03-13,28.64,29.07,28.400000000000002,28.48,25233487.0,600460,士兰微
2026-03-16,28.430000000000003,28.94,28.060000000000002,28.92,28090428.0,600460,士兰微
2026-03-17,28.990000000000002,29.020000000000003,28.12,28.14,27948469.0,600460,士兰微
2026-03-18,28.32,28.590000000000003,27.92,28.490000000000002,23662492.0,600460,士兰微
2026-03-19,28.01,28.090000000000003,27.720000000000002,27.78,24574398.0,600460,士兰微
2026-03-20,27.91,28.25,27.03,27.060000000000002,27239509.0,600460,士兰微
2026-03-23,26.310000000000002,26.76,25.580000000000002,25.770000000000003,34988829.0,600460,士兰微
2026-03-24,26.200000000000003,26.270000000000003,25.44,26.17,23955707.0,600460,士兰微
2026-03-25,26.290000000000003,26.85,26.28,26.66,25804127.0,600460,士兰微
2026-03-26,26.53,26.650000000000002,25.87,25.950000000000003,19433420.0,600460,士兰微
2026-03-27,25.5,26.240000000000002,25.44,26.060000000000002,15725477.0,600460,士兰微
2026-03-30,25.520000000000003,25.880000000000003,25.37,25.87,20665831.0,600460,士兰微
2026-03-31,25.71,26.110000000000003,25.42,25.44,20070702.0,600460,士兰微
2026-04-01,25.970000000000002,26.05,25.67,25.91,18739938.0,600460,士兰微
2026-04-02,25.85,25.860000000000003,25.020000000000003,25.110000000000003,21164120.0,600460,士兰微
2026-04-03,25.130000000000003,25.270000000000003,24.62,24.64,18627626.0,600460,士兰微
2026-04-07,24.75,25.200000000000003,24.75,24.990000000000002,15359360.0,600460,士兰微
2026-04-08,25.73,26.41,25.6,26.400000000000002,32803619.0,600460,士兰微
2026-04-09,26.020000000000003,26.35,25.89,26.14,22752362.0,600460,士兰微
2026-04-10,26.39,26.71,26.39,26.5,24271183.0,600460,士兰微
2026-04-13,26.130000000000003,26.67,26.130000000000003,26.5,17484776.0,600460,士兰微
2026-04-14,26.78,26.990000000000002,26.580000000000002,26.85,24279030.0,600460,士兰微
2026-04-15,27.040000000000003,27.1,26.380000000000003,26.5,23701414.0,600460,士兰微
2026-04-16,26.53,26.740000000000002,26.470000000000002,26.6,24395184.0,600460,士兰微
2026-04-17,26.53,26.990000000000002,26.380000000000003,26.860000000000003,26002359.0,600460,士兰微
2026-04-20,26.87,27.39,26.860000000000003,27.270000000000003,28183330.0,600460,士兰微
2026-04-21,27.26,27.26,26.69,27.0,21994205.0,600460,士兰微
2026-04-22,27.0,27.540000000000003,26.87,27.53,32042164.0,600460,士兰微
2026-04-23,27.53,28.0,27.220000000000002,27.28,34559506.0,600460,士兰微
2026-04-24,27.39,28.0,27.330000000000002,27.740000000000002,41309419.0,600460,士兰微
2026-04-27,27.990000000000002,29.110000000000003,27.62,28.85,64071104.0,600460,士兰微
2026-04-28,28.82,29.23,28.220000000000002,28.360000000000003,49809113.0,600460,士兰微
2026-04-29,28.020000000000003,28.12,27.360000000000003,27.76,44511485.0,600460,士兰微
2026-04-30,28.6,29.090000000000003,28.340000000000003,28.82,65421066.0,600460,士兰微
2026-05-06,29.520000000000003,30.020000000000003,29.32,29.580000000000002,76475563.0,600460,士兰微
2026-05-07,29.69,29.700000000000003,29.19,29.57,55905529.0,600460,士兰微
2026-05-08,29.220000000000002,29.520000000000003,28.8,29.41,48964904.0,600460,士兰微
2026-05-11,29.91,30.630000000000003,29.62,30.39,82555003.0,600460,士兰微
2026-05-12,30.39,30.490000000000002,29.630000000000003,30.130000000000003,56324392.0,600460,士兰微
2026-05-13,29.62,31.71,29.37,31.430000000000003,91994558.0,600460,士兰微
2026-05-14,31.8,32.35,31.290000000000003,31.3,106746070.0,600460,士兰微
2026-05-15,31.37,32.120000000000005,30.430000000000003,30.87,85544747.0,600460,士兰微
2026-05-18,30.520000000000003,31.37,30.35,30.970000000000002,58653879.0,600460,士兰微
2026-05-19,30.490000000000002,32.9,30.01,32.27,91131442.0,600460,士兰微
2026-05-20,31.87,32.7,31.770000000000003,32.510000000000005,80732670.0,600460,士兰微
2026-05-21,32.82,33.09,30.82,30.860000000000003,101026561.0,600460,士兰微
2026-05-22,31.51,32.22,31.040000000000003,32.08,74063785.0,600460,士兰微
2026-05-25,32.09,34.15,31.840000000000003,34.11,120514608.0,600460,士兰微
2026-05-26,33.89,34.42,32.54,33.82,104572774.0,600460,士兰微
2026-05-27,33.97,37.2,33.480000000000004,35.5,188709948.0,600460,士兰微
2026-05-28,35.6,39.06,35.230000000000004,38.36,199753070.0,600460,士兰微
2026-05-29,37.92,38.2,34.52,34.52,179287280.0,600460,士兰微
2026-06-01,34.09,34.52,32.67,32.72,125171233.0,600460,士兰微
2026-06-02,32.77,33.85,32.43,32.95,86135929.0,600460,士兰微
2026-06-03,33.27,35.63,33.27,34.620000000000005,122585514.0,600460,士兰微
2026-06-04,34.120000000000005,36.17,34.050000000000004,35.24,91760592.0,600460,士兰微
2026-06-05,34.620000000000005,35.36,33.6,33.870000000000005,93926294.0,600460,士兰微
2026-06-08,31.87,33.2,31.740000000000002,32.050000000000004,75228076.0,600460,士兰微
2026-06-09,32.67,34.78,32.17,34.64,83435808.0,600460,士兰微
2026-06-10,33.79,34.39,32.940000000000005,33.45,61119240.0,600460,士兰微
2026-06-11,32.910000000000004,34.32,32.52,33.1,63118819.0,600460,士兰微
2026-06-12,34.120000000000005,34.58,32.010000000000005,32.07,85793898.0,600460,士兰微
2026-06-15,32.83,35.29,32.5,35.29,89734038.0,600460,士兰微
2026-06-16,36.92,38.83,36.82,38.2,178901629.0,600460,士兰微
2026-06-17,37.760000000000005,41.07,37.760000000000005,40.75,202243717.0,600460,士兰微
2026-06-18,40.42,42.54,40.370000000000005,41.75,144192061.0,600460,士兰微
2026-06-22,44.17,45.93,43.42,44.72,184731389.0,600460,士兰微
2026-06-23,45.120000000000005,48.57,44.42,46.96,185415583.0,600460,士兰微
2026-06-24,46.84,50.72,46.84,49.93,169671856.0,600460,士兰微
2026-06-25,48.72,51.35,48.03,49.78,168623758.0,600460,士兰微
2026-06-26,49.72,53.72,49.25,50.300000000000004,185941254.0,600460,士兰微
2026-06-29,52.81,55.34,50.77,52.510000000000005,258485456.0,600460,士兰微
2026-06-30,53.42,55.15,50.32,54.58,221297303.0,600460,士兰微
2026-07-01,55.480000000000004,57.02,52.33,53.07,186908448.0,600460,士兰微
2026-07-02,49.92,53.4,47.760000000000005,50.42,160082619.0,600460,士兰微
2026-07-03,49.9,50.81,47.120000000000005,47.17,135283656.0,600460,士兰微
2026-07-06,47.9,48.49,45.2,46.54,114082755.0,600460,士兰微
2026-07-07,45.83,48.410000000000004,45.620000000000005,47.21,108623615.0,600460,士兰微
2026-07-08,47.22,48.550000000000004,43.690000000000005,46.13,110513744.0,600460,士兰微
2026-07-09,47.0,48.38,45.38,48.32,148771981.0,600460,士兰微
2026-07-10,48.81,49.88,44.24,44.43,185733228.0,600460,士兰微
2026-07-13,43.7,45.71,41.5,41.85,124444506.0,600460,士兰微
2026-07-14,41.42,42.2,39.25,41.72,101922980.0,600460,士兰微
2026-07-15,41.92,42.14,38.410000000000004,38.49,96489763.0,600460,士兰微
2026-07-16,37.760000000000005,38.800000000000004,35.800000000000004,36.14,94453201.0,600460,士兰微
2026-07-17,36.02,36.13,32.77,33.11,97300010.0,600460,士兰微
2026-07-20,33.78,33.99,29.8,29.88,110812684.0,600460,士兰微
2026-07-21,30.48,32.87,27.85,32.87,134532748.0,600460,士兰微
2026-07-22,32.87,35.16,32.86,33.19,151827565.0,600460,士兰微
2026-07-23,33.72,33.8,31.74,32.22,87643572.0,600460,士兰微
2026-07-24,31.55,32.71,31.1,31.57,70460789.0,600460,士兰微
2026-07-27,31.3,32.33,30.62,32.33,68411565.0,600460,士兰微
2026-07-28,31.4,32.28,29.9,30.17,72242416.0,600460,士兰微
2026-07-29,30.19,30.48,28.44,29.9,88609072.0,600460,士兰微
2026-07-30,29.51,29.8,27.42,27.77,96457436.0,600460,士兰微
2026-07-31,29.6,29.8,28.21,28.26,107718322.0,600460,士兰微
2026-08-03,27.9,28.28,27.39,27.45,80231734.0,600460,士兰微
2026-08-04,27.7,29.36,27.61,29.12,99491993.0,600460,士兰微
2026-08-05,29.0,30.96,28.98,30.62,114828608.0,600460,士兰微
2026-08-06,29.9,31.7,29.8,31.16,102278434.0,600460,士兰微
2026-08-07,31.1,32.62,30.9,32.55,107834218.0,600460,士兰微
2026-08-10,32.55,32.98,31.36,32.17,80958138.0,600460,士兰微
2026-08-11,31.81,33.05,31.8,32.05,72355551.0,600460,士兰微
2026-08-12,32.05,33.17,31.97,32.85,69590644.0,600460,士兰微
2026-08-13,33.39,33.92,32.19,32.28,91484093.0,600460,士兰微
2026-08-14,32.71,32.93,31.98,32.75,65653330.0,600460,士兰微
2026-08-17,32.75,34.1,32.62,34.05,82111894.0,600460,士兰微
2026-08-18,34.13,35.42,33.75,34.88,120589203.0,600460,士兰微
2026-08-19,33.59,36.6,33.58,34.49,201916551.0,600460,士兰微
2026-08-20,34.49,34.77,32.17,32.63,155875722.0,600460,士兰微
2026-08-21,32.22,35.89,32.22,35.89,77100458.0,600460,士兰微
2026-08-24,36.25,37.43,34.67,35.56,260389069.0,600460,士兰微
2026-08-25,34.18,35.16,33.05,34.32,174695197.0,600460,士兰微
2026-08-26,34.32,34.32,32.53,33.07,141023518.0,600460,士兰微
2026-08-27,33.19,34.99,32.75,34.88,154904874.0,600460,士兰微
2026-08-28,34.3,35.62,34.15,34.17,126561810.0,600460,士兰微
2026-08-31,32.88,34.33,32.76,34.16,105259129.0,600460,士兰微
2026-09-01,34.0,34.05,32.35,32.35,109637985.0,600460,士兰微
2026-09-02,31.51,31.67,30.86,31.0,88839354.0,600460,士兰微
2026-09-03,31.4,31.53,30.87,31.23,64854355.0,600460,士兰微
2026-09-04,31.42,31.76,30.01,30.34,75230104.0,600460,士兰微
2026-09-07,30.76,31.21,30.44,30.96,57748443.0,600460,士兰微
2026-09-08,30.8,31.09,30.3,30.36,62548066.0,600460,士兰微
2026-09-09,30.57,31.03,30.08,30.27,48256070.0,600460,士兰微
2026-09-10,30.0,30.63,29.8,30.24,44555318.0,600460,士兰微
2026-09-11,29.75,30.17,29.0,30.07,61640509.0,600460,士兰微
2026-09-14,29.65,30.2,29.31,29.83,36900853.0,600460,士兰微
